,0,1,2_apr,2_aug,2_dec,2_feb,2_jan,2_jul,2_jun,2_mar,2_may,2_nov,2_oct,2_sep,3_fri,3_mon,3_sat,3_sun,3_thu,3_tue,3_wed,4,5,6,7,8,9,10,11,12
514,2,4,0.0,1.0,0.0,0.0,0.0,0.0,0.0,0.0,0.0,0.0,0.0,0.0,0.0,0.0,0.0,1.0,0.0,0.0,0.0,81.6,56.7,665.6,1.9,21.9,71,5.8,0.0,54.29
147,5,4,0.0,0.0,0.0,0.0,0.0,0.0,0.0,1.0,0.0,0.0,0.0,0.0,0.0,1.0,0.0,0.0,0.0,0.0,0.0,90.1,39.7,86.6,6.2,13.2,40,5.4,0.0,0.95
344,8,6,0.0,0.0,0.0,0.0,0.0,0.0,0.0,0.0,0.0,0.0,0.0,1.0,0.0,1.0,0.0,0.0,0.0,0.0,0.0,91.5,130.1,807.1,7.5,15.9,51,4.5,0.0,2.18
19,6,4,0.0,0.0,0.0,0.0,0.0,0.0,0.0,1.0,0.0,0.0,0.0,0.0,0.0,0.0,0.0,0.0,0.0,0.0,1.0,89.2,27.9,70.8,6.3,15.9,35,4.0,0.0,0.0
439,2,5,0.0,1.0,0.0,0.0,0.0,0.0,0.0,0.0,0.0,0.0,0.0,0.0,0.0,0.0,1.0,0.0,0.0,0.0,0.0,93.7,231.1,715.1,8.4,23.6,53,4.0,0.0,6.43
248,2,4,0.0,1.0,0.0,0.0,0.0,0.0,0.0,0.0,0.0,0.0,0.0,0.0,0.0,0.0,0.0,0.0,0.0,0.0,1.0,92.2,91.6,503.6,9.6,20.7,70,2.2,0.0,0.75
341,2,5,0.0,0.0,0.0,0.0,0.0,0.0,0.0,0.0,0.0,0.0,0.0,1.0,0.0,1.0,0.0,0.0,0.0,0.0,0.0,91.6,108.4,764.0,6.2,19.3,44,2.2,0.0,3.93
43,4,4,0.0,1.0,0.0,0.0,0.0,0.0,0.0,0.0,0.0,0.0,0.0,0.0,0.0,0.0,0.0,0.0,0.0,1.0,0.0,94.8,108.3,647.1,17.0,16.6,54,5.4,0.0,0.0
31,6,3,0.0,0.0,0.0,0.0,0.0,0.0,0.0,0.0,0.0,0.0,0.0,1.0,1.0,0.0,0.0,0.0,0.0,0.0,0.0,94.3,85.1,692.3,15.9,25.4,24,3.6,0.0,0.0
444,1,2,0.0,0.0,0.0,0.0,0.0,1.0,0.0,0.0,0.0,0.0,0.0,0.0,1.0,0.0,0.0,0.0,0.0,0.0,0.0,90.7,80.9,368.3,16.8,14.8,78,8.0,0.0,0.0
419,2,4,0.0,1.0,0.0,0.0,0.0,0.0,0.0,0.0,0.0,0.0,0.0,0.0,0.0,0.0,0.0,1.0,0.0,0.0,0.0,92.0,203.2,664.5,8.1,24.9,42,5.4,0.0,2.44
506,1,2,0.0,1.0,0.0,0.0,0.0,0.0,0.0,0.0,0.0,0.0,0.0,0.0,0.0,0.0,0.0,0.0,1.0,0.0,0.0,91.0,163.2,744.4,10.1,26.7,35,1.8,0.0,5.8
394,2,4,0.0,0.0,0.0,0.0,0.0,0.0,0.0,1.0,0.0,0.0,0.0,0.0,0.0,0.0,0.0,0.0,0.0,1.0,0.0,93.4,15.0,25.6,11.4,15.2,19,7.6,0.0,0.0
315,4,4,0.0,0.0,0.0,0.0,0.0,0.0,0.0,0.0,0.0,0.0,0.0,1.0,0.0,0.0,0.0,0.0,0.0,0.0,1.0,92.6,115.4,777.1,8.8,19.7,41,1.8,0.0,1.58
55,4,3,0.0,1.0,0.0,0.0,0.0,0.0,0.0,0.0,0.0,0.0,0.0,0.0,0.0,0.0,0.0,0.0,1.0,0.0,0.0,91.7,114.3,661.3,6.3,17.6,45,3.6,0.0,0.0
213,7,4,0.0,0.0,0.0,0.0,0.0,0.0,0.0,0.0,0.0,0.0,0.0,1.0,1.0,0.0,0.0,0.0,0.0,0.0,0.0,94.3,85.1,692.3,15.9,20.1,47,4.9,0.0,26.13
264,6,3,0.0,1.0,0.0,0.0,0.0,0.0,0.0,0.0,0.0,0.0,0.0,0.0,1.0,0.0,0.0,0.0,0.0,0.0,0.0,91.1,141.1,629.1,7.1,19.3,39,3.6,0.0,1.56
237,2,2,0.0,0.0,0.0,0.0,0.0,0.0,0.0,0.0,0.0,0.0,0.0,1.0,0.0,0.0,1.0,0.0,0.0,0.0,0.0,92.5,121.1,674.4,8.6,18.2,46,1.8,0.0,200.94
29,6,3,0.0,0.0,0.0,0.0,0.0,0.0,0.0,0.0,0.0,0.0,0.0,1.0,0.0,0.0,1.0,0.0,0.0,0.0,0.0,93.4,145.4,721.4,8.1,30.2,24,2.7,0.0,0.0
490,4,4,0.0,1.0,0.0,0.0,0.0,0.0,0.0,0.0,0.0,0.0,0.0,0.0,0.0,0.0,0.0,0.0,0.0,0.0,1.0,95.1,141.3,605.8,17.7,20.6,58,1.3,0.0,0.0
412,7,4,0.0,0.0,0.0,1.0,0.0,0.0,0.0,0.0,0.0,0.0,0.0,0.0,1.0,0.0,0.0,0.0,0.0,0.0,0.0,84.6,3.2,43.6,3.3,8.2,53,9.4,0.0,4.62
129,3,5,0.0,0.0,0.0,0.0,0.0,0.0,0.0,0.0,0.0,0.0,1.0,0.0,0.0,0.0,0.0,0.0,0.0,0.0,1.0,91.4,37.9,673.8,5.2,15.9,46,3.6,0.0,0.0
480,7,4,0.0,0.0,0.0,0.0,0.0,1.0,0.0,0.0,0.0,0.0,0.0,0.0,0.0,1.0,0.0,0.0,0.0,0.0,0.0,89.2,103.9,431.6,6.4,22.6,57,4.9,0.0,278.53
193,2,2,0.0,1.0,0.0,0.0,0.0,0.0,0.0,0.0,0.0,0.0,0.0,0.0,0.0,0.0,0.0,0.0,0.0,1.0,0.0,94.8,108.3,647.1,17.0,24.6,22,4.5,0.0,8.71
238,1,2,0.0,0.0,0.0,0.0,0.0,0.0,0.0,0.0,0.0,0.0,0.0,1.0,0.0,0.0,0.0,0.0,0.0,1.0,0.0,91.0,129.5,692.6,7.0,18.8,40,2.2,0.0,212.88
366,6,5,0.0,0.0,0.0,0.0,0.0,0.0,0.0,0.0,0.0,0.0,0.0,1.0,0.0,0.0,0.0,0.0,0.0,1.0,0.0,91.9,111.7,770.3,6.5,19.6,45,3.1,0.0,20.03
80,1,2,0.0,1.0,0.0,0.0,0.0,0.0,0.0,0.0,0.0,0.0,0.0,0.0,0.0,0.0,0.0,0.0,0.0,1.0,0.0,91.0,121.2,561.6,7.0,21.6,19,6.7,0.0,0.0
201,1,5,0.0,0.0,0.0,0.0,0.0,0.0,0.0,0.0,0.0,0.0,0.0,1.0,0.0,0.0,0.0,0.0,0.0,1.0,0.0,91.0,129.5,692.6,7.0,21.6,33,2.2,0.0,11.53
253,6,5,0.0,1.0,0.0,0.0,0.0,0.0,0.0,0.0,0.0,0.0,0.0,0.0,0.0,0.0,0.0,0.0,0.0,0.0,1.0,93.1,157.3,666.7,13.5,22.1,37,3.6,0.0,0.21
391,7,4,0.0,0.0,0.0,1.0,0.0,0.0,0.0,0.0,0.0,0.0,0.0,0.0,0.0,1.0,0.0,0.0,0.0,0.0,0.0,84.7,9.5,58.3,4.1,7.5,71,6.3,0.0,9.96
76,9,9,0.0,0.0,0.0,1.0,0.0,0.0,0.0,0.0,0.0,0.0,0.0,0.0,0.0,0.0,0.0,0.0,1.0,0.0,0.0,84.2,6.8,26.6,7.7,6.7,79,3.1,0.0,0.0
357,4,4,0.0,0.0,0.0,0.0,0.0,0.0,0.0,0.0,0.0,0.0,0.0,1.0,1.0,0.0,0.0,0.0,0.0,0.0,0.0,92.1,99.0,745.3,9.6,20.8,35,4.9,0.0,1.26
110,4,5,0.0,0.0,0.0,0.0,0.0,0.0,0.0,0.0,0.0,0.0,0.0,1.0,0.0,1.0,0.0,0.0,0.0,0.0,0.0,88.6,91.8,709.9,7.1,17.4,56,5.4,0.0,0.0
458,1,4,0.0,1.0,0.0,0.0,0.0,0.0,0.0,0.0,0.0,0.0,0.0,0.0,0.0,0.0,0.0,0.0,0.0,0.0,1.0,91.7,191.4,635.9,7.8,19.9,50,4.0,0.0,82.75
159,2,4,0.0,1.0,0.0,0.0,0.0,0.0,0.0,0.0,0.0,0.0,0.0,0.0,0.0,0.0,0.0,0.0,0.0,0.0,1.0,92.1,111.2,654.1,9.6,20.5,35,4.0,0.0,1.64
130,2,5,0.0,0.0,0.0,0.0,0.0,0.0,0.0,0.0,0.0,0.0,1.0,0.0,0.0,0.0,0.0,1.0,0.0,0.0,0.0,92.6,46.5,691.8,8.8,15.4,35,0.9,0.0,0.0
489,4,4,0.0,1.0,0.0,0.0,0.0,0.0,0.0,0.0,0.0,0.0,0.0,0.0,0.0,0.0,0.0,0.0,0.0,1.0,0.0,95.1,141.3,605.8,17.7,19.4,71,7.6,0.0,46.7
301,6,5,0.0,0.0,0.0,0.0,0.0,0.0,1.0,0.0,0.0,0.0,0.0,0.0,0.0,1.0,0.0,0.0,0.0,0.0,0.0,90.4,93.3,298.1,7.5,20.7,25,4.9,0.0,0.0
5,8,6,0.0,0.0,0.0,0.0,0.0,0.0,0.0,1.0,0.0,0.0,0.0,0.0,0.0,0.0,0.0,1.0,0.0,0.0,0.0,89.3,51.3,102.2,9.6,11.4,99,1.8,0.0,0.0
200,2,4,0.0,0.0,0.0,0.0,0.0,0.0,0.0,0.0,0.0,0.0,0.0,1.0,0.0,1.0,0.0,0.0,0.0,0.0,0.0,63.5,70.8,665.3,0.8,22.6,38,3.6,0.0,11.32
27,7,4,0.0,0.0,0.0,0.0,0.0,0.0,0.0,0.0,0.0,0.0,0.0,1.0,1.0,0.0,0.0,0.0,0.0,0.0,0.0,92.4,117.9,668.0,12.2,19.0,34,5.8,0.0,0.0
195,2,2,0.0,1.0,0.0,0.0,0.0,0.0,0.0,0.0,0.0,0.0,0.0,0.0,0.0,0.0,0.0,0.0,0.0,1.0,0.0,94.8,108.3,647.1,17.0,24.6,22,4.5,0.0,10.01
196,2,5,0.0,1.0,0.0,0.0,0.0,0.0,0.0,0.0,0.0,0.0,0.0,0.0,1.0,0.0,0.0,0.0,0.0,0.0,0.0,93.9,135.7,586.7,15.1,23.5,36,5.4,0.0,10.02
230,8,6,0.0,1.0,0.0,0.0,0.0,0.0,0.0,0.0,0.0,0.0,0.0,0.0,0.0,0.0,1.0,0.0,0.0,0.0,0.0,92.2,81.8,480.8,11.9,16.4,43,4.0,0.0,71.3
101,3,4,0.0,1.0,0.0,0.0,0.0,0.0,0.0,0.0,0.0,0.0,0.0,0.0,0.0,0.0,0.0,1.0,0.0,0.0,0.0,91.4,142.4,601.4,10.6,19.8,39,5.4,0.0,0.0
356,4,4,0.0,0.0,0.0,0.0,0.0,0.0,0.0,0.0,0.0,0.0,0.0,1.0,1.0,0.0,0.0,0.0,0.0,0.0,0.0,92.1,99.0,745.3,9.6,20.8,35,4.9,0.0,13.06
331,3,3,0.0,0.0,0.0,0.0,0.0,0.0,0.0,0.0,0.0,0.0,0.0,1.0,0.0,0.0,1.0,0.0,0.0,0.0,0.0,92.2,102.3,751.5,8.4,24.2,27,3.1,0.0,6.58
199,3,4,0.0,0.0,0.0,0.0,0.0,0.0,0.0,0.0,0.0,0.0,0.0,1.0,0.0,0.0,0.0,0.0,0.0,1.0,0.0,91.0,129.5,692.6,7.0,13.9,59,6.3,0.0,11.24
154,5,4,0.0,0.0,0.0,0.0,0.0,0.0,0.0,0.0,0.0,0.0,0.0,1.0,1.0,0.0,0.0,0.0,0.0,0.0,0.0,94.3,85.1,692.3,15.9,20.1,47,4.9,0.0,1.46
285,5,4,0.0,0.0,0.0,1.0,0.0,0.0,0.0,0.0,0.0,0.0,0.0,0.0,1.0,0.0,0.0,0.0,0.0,0.0,0.0,85.2,4.9,15.8,6.3,7.5,46,8.0,0.0,24.24
289,7,4,0.0,0.0,0.0,0.0,0.0,1.0,0.0,0.0,0.0,0.0,0.0,0.0,0.0,0.0,1.0,0.0,0.0,0.0,0.0,91.6,104.2,474.9,9.0,24.2,32,1.8,0.0,0.0
50,4,4,0.0,0.0,0.0,0.0,0.0,0.0,0.0,1.0,0.0,0.0,0.0,0.0,0.0,1.0,0.0,0.0,0.0,0.0,0.0,87.6,52.2,103.8,5.0,11.0,46,5.8,0.0,0.0
47,5,6,0.0,0.0,0.0,0.0,0.0,0.0,0.0,0.0,0.0,0.0,0.0,1.0,0.0,1.0,0.0,0.0,0.0,0.0,0.0,90.9,126.5,686.5,7.0,14.7,70,3.6,0.0,0.0
111,4,4,0.0,0.0,0.0,0.0,0.0,0.0,0.0,1.0,0.0,0.0,0.0,0.0,1.0,0.0,0.0,0.0,0.0,0.0,0.0,85.9,19.5,57.3,2.8,13.7,43,5.8,0.0,0.0
434,2,4,0.0,1.0,0.0,0.0,0.0,0.0,0.0,0.0,0.0,0.0,0.0,0.0,0.0,0.0,0.0,1.0,0.0,0.0,0.0,93.6,235.1,723.1,10.1,20.9,66,4.9,0.0,15.34
96,4,4,0.0,0.0,0.0,0.0,0.0,0.0,0.0,0.0,0.0,0.0,0.0,1.0,0.0,0.0,0.0,1.0,0.0,0.0,0.0,89.7,90.0,704.4,4.8,17.8,64,1.3,0.0,0.0
34,6,3,0.0,0.0,0.0,0.0,0.0,0.0,0.0,0.0,0.0,0.0,0.0,1.0,0.0,0.0,0.0,1.0,0.0,0.0,0.0,91.7,75.6,718.3,7.8,17.7,39,3.6,0.0,0.0
151,6,5,0.0,0.0,0.0,0.0,0.0,0.0,1.0,0.0,0.0,0.0,0.0,0.0,1.0,0.0,0.0,0.0,0.0,0.0,0.0,92.5,56.4,433.3,7.1,23.2,39,5.4,0.0,1.19
211,4,4,0.0,0.0,0.0,0.0,0.0,0.0,0.0,0.0,0.0,0.0,1.0,0.0,0.0,0.0,1.0,0.0,0.0,0.0,0.0,90.6,43.7,686.9,6.7,18.4,25,3.1,0.0,24.23
322,1,4,0.0,0.0,0.0,0.0,0.0,0.0,0.0,0.0,0.0,0.0,0.0,1.0,0.0,0.0,0.0,0.0,1.0,0.0,0.0,92.8,119.0,783.5,7.5,16.8,28,4.0,0.0,7.21
144,1,2,0.0,0.0,0.0,0.0,0.0,1.0,0.0,0.0,0.0,0.0,0.0,0.0,0.0,0.0,1.0,0.0,0.0,0.0,0.0,90.0,51.3,296.3,8.7,16.6,53,5.4,0.0,0.71
421,8,8,0.0,1.0,0.0,0.0,0.0,0.0,0.0,0.0,0.0,0.0,0.0,0.0,0.0,0.0,0.0,0.0,0.0,0.0,1.0,91.7,191.4,635.9,7.8,26.2,36,4.5,0.0,185.76
182,8,6,0.0,0.0,0.0,0.0,0.0,0.0,0.0,0.0,0.0,0.0,1.0,0.0,0.0,1.0,0.0,0.0,0.0,0.0,0.0,84.9,32.8,664.2,3.0,19.1,32,4.0,0.0,5.44
292,9,4,0.0,0.0,0.0,0.0,0.0,1.0,0.0,0.0,0.0,0.0,0.0,0.0,0.0,0.0,1.0,0.0,0.0,0.0,0.0,91.6,104.2,474.9,9.0,25.3,39,0.9,0.0,8.0
121,3,4,0.0,1.0,0.0,0.0,0.0,0.0,0.0,0.0,0.0,0.0,0.0,0.0,0.0,1.0,0.0,0.0,0.0,0.0,0.0,91.5,145.4,608.2,10.7,10.3,74,2.2,0.0,0.0
217,4,4,0.0,0.0,0.0,0.0,0.0,0.0,0.0,0.0,0.0,0.0,0.0,1.0,0.0,0.0,0.0,1.0,0.0,0.0,0.0,92.4,124.1,680.7,8.5,16.9,60,1.3,0.0,29.48
69,2,2,0.0,0.0,0.0,0.0,0.0,0.0,0.0,0.0,0.0,0.0,0.0,1.0,1.0,0.0,0.0,0.0,0.0,0.0,0.0,92.4,117.9,668.0,12.2,19.6,33,6.3,0.0,0.0
454,4,5,0.0,1.0,0.0,0.0,0.0,0.0,0.0,0.0,0.0,0.0,0.0,0.0,0.0,0.0,0.0,0.0,1.0,0.0,0.0,89.4,266.2,803.3,5.6,17.4,54,3.1,0.0,0.0
191,6,5,0.0,0.0,0.0,0.0,0.0,0.0,0.0,1.0,0.0,0.0,0.0,0.0,1.0,0.0,0.0,0.0,0.0,0.0,0.0,91.2,48.3,97.8,12.5,11.7,33,4.0,0.0,8.31
95,8,6,0.0,1.0,0.0,0.0,0.0,0.0,0.0,0.0,0.0,0.0,0.0,0.0,0.0,1.0,0.0,0.0,0.0,0.0,0.0,91.1,103.2,638.8,5.8,23.4,22,2.7,0.0,0.0
75,5,4,0.0,0.0,0.0,0.0,0.0,0.0,0.0,0.0,0.0,0.0,0.0,1.0,1.0,0.0,0.0,0.0,0.0,0.0,0.0,93.3,141.2,713.9,13.9,27.6,30,1.3,0.0,0.0
166,6,5,0.0,0.0,0.0,0.0,0.0,0.0,0.0,1.0,0.0,0.0,0.0,0.0,0.0,0.0,0.0,0.0,1.0,0.0,0.0,84.9,18.2,55.0,3.0,5.3,70,4.5,0.0,2.14
348,5,4,0.0,0.0,0.0,0.0,0.0,0.0,0.0,0.0,0.0,0.0,0.0,1.0,1.0,0.0,0.0,0.0,0.0,0.0,0.0,92.1,99.0,745.3,9.6,10.1,75,3.6,0.0,0.0
178,2,5,0.0,1.0,0.0,0.0,0.0,0.0,0.0,0.0,0.0,0.0,0.0,0.0,0.0,0.0,0.0,1.0,0.0,0.0,0.0,90.2,99.6,631.2,6.3,19.2,44,2.7,0.0,4.69
104,2,4,0.0,0.0,0.0,0.0,0.0,0.0,0.0,0.0,0.0,0.0,0.0,1.0,0.0,0.0,1.0,0.0,0.0,0.0,0.0,92.5,121.1,674.4,8.6,24.1,29,4.5,0.0,0.0
363,7,4,0.0,0.0,0.0,0.0,0.0,0.0,0.0,0.0,0.0,0.0,0.0,1.0,1.0,0.0,0.0,0.0,0.0,0.0,0.0,88.2,55.2,732.3,11.6,15.2,64,3.1,0.0,0.52
382,8,6,0.0,1.0,0.0,0.0,0.0,0.0,0.0,0.0,0.0,0.0,0.0,0.0,0.0,0.0,0.0,0.0,1.0,0.0,0.0,90.7,194.1,643.0,6.8,16.2,63,2.7,0.0,16.33
304,3,6,0.0,0.0,0.0,0.0,0.0,0.0,1.0,0.0,0.0,0.0,0.0,0.0,1.0,0.0,0.0,0.0,0.0,0.0,0.0,91.1,94.1,232.1,7.1,19.2,38,4.5,0.0,0.0
223,4,3,0.0,0.0,0.0,0.0,0.0,0.0,0.0,1.0,0.0,0.0,0.0,0.0,0.0,1.0,0.0,0.0,0.0,0.0,0.0,87.6,52.2,103.8,5.0,11.0,46,5.8,0.0,36.85
41,4,4,0.0,0.0,0.0,0.0,0.0,1.0,0.0,0.0,0.0,0.0,0.0,0.0,0.0,0.0,0.0,0.0,0.0,1.0,0.0,79.5,60.6,366.7,1.5,23.3,37,3.1,0.0,0.0
234,9,4,0.0,0.0,0.0,0.0,0.0,0.0,0.0,0.0,0.0,0.0,0.0,1.0,0.0,0.0,0.0,0.0,0.0,1.0,0.0,84.4,73.4,671.9,3.2,24.3,36,3.1,0.0,105.66
266,4,4,0.0,1.0,0.0,0.0,0.0,0.0,0.0,0.0,0.0,0.0,0.0,0.0,0.0,0.0,0.0,0.0,0.0,1.0,0.0,93.7,102.2,550.3,14.6,22.1,54,7.6,0.0,0.79
25,7,4,0.0,1.0,0.0,0.0,0.0,0.0,0.0,0.0,0.0,0.0,0.0,0.0,0.0,0.0,1.0,0.0,0.0,0.0,0.0,93.5,139.4,594.2,20.3,23.7,32,5.8,0.0,0.0
453,7,4,0.0,1.0,0.0,0.0,0.0,0.0,0.0,0.0,0.0,0.0,0.0,0.0,0.0,1.0,0.0,0.0,0.0,0.0,0.0,91.5,238.2,730.6,7.5,17.7,65,4.0,0.0,0.0
328,6,5,0.0,0.0,0.0,0.0,0.0,0.0,0.0,0.0,0.0,0.0,0.0,1.0,0.0,0.0,1.0,0.0,0.0,0.0,0.0,92.2,102.3,751.5,8.4,21.2,32,2.2,0.0,0.0
284,3,4,0.0,0.0,0.0,1.0,0.0,0.0,0.0,0.0,0.0,0.0,0.0,0.0,0.0,0.0,0.0,0.0,0.0,0.0,1.0,86.9,6.6,18.7,3.2,8.8,35,3.1,0.0,1.1
28,7,4,0.0,0.0,0.0,0.0,0.0,0.0,0.0,0.0,0.0,0.0,0.0,1.0,0.0,1.0,0.0,0.0,0.0,0.0,0.0,90.9,126.5,686.5,7.0,19.4,48,1.3,0.0,0.0
511,6,5,0.0,1.0,0.0,0.0,0.0,0.0,0.0,0.0,0.0,0.0,0.0,0.0,1.0,0.0,0.0,0.0,0.0,0.0,0.0,91.0,166.9,752.6,7.1,18.2,62,5.4,0.0,0.43
59,2,2,0.0,0.0,0.0,1.0,0.0,0.0,0.0,0.0,0.0,0.0,0.0,0.0,0.0,1.0,0.0,0.0,0.0,0.0,0.0,84.0,9.3,34.0,2.1,13.9,40,5.4,0.0,0.0
153,3,4,0.0,0.0,0.0,0.0,0.0,1.0,0.0,0.0,0.0,0.0,0.0,0.0,0.0,0.0,1.0,0.0,0.0,0.0,0.0,90.1,51.2,424.1,6.2,24.6,43,1.8,0.0,1.43
162,6,4,0.0,1.0,0.0,0.0,0.0,0.0,0.0,0.0,0.0,0.0,0.0,0.0,0.0,0.0,0.0,0.0,1.0,0.0,0.0,95.2,131.7,578.8,10.4,20.3,41,4.0,0.0,1.9
418,6,5,0.0,0.0,0.0,0.0,0.0,0.0,0.0,1.0,0.0,0.0,0.0,0.0,0.0,0.0,0.0,0.0,0.0,0.0,1.0,93.4,17.3,28.3,9.9,13.8,24,5.8,0.0,0.0
271,2,2,0.0,1.0,0.0,0.0,0.0,0.0,0.0,0.0,0.0,0.0,0.0,0.0,0.0,0.0,0.0,0.0,0.0,1.0,0.0,92.1,152.6,658.2,14.3,21.8,56,3.1,0.0,0.52
221,8,6,0.0,1.0,0.0,0.0,0.0,0.0,0.0,0.0,0.0,0.0,0.0,0.0,0.0,0.0,0.0,1.0,0.0,0.0,0.0,90.2,99.6,631.2,6.3,16.2,59,3.1,0.0,32.07
287,7,6,0.0,0.0,0.0,0.0,0.0,1.0,0.0,0.0,0.0,0.0,0.0,0.0,0.0,0.0,0.0,0.0,0.0,0.0,1.0,91.2,183.1,437.7,12.5,12.6,90,7.6,0.2,0.0
35,6,3,0.0,0.0,0.0,0.0,0.0,0.0,0.0,0.0,0.0,0.0,0.0,1.0,0.0,1.0,0.0,0.0,0.0,0.0,0.0,91.8,78.5,724.3,9.2,21.2,32,2.7,0.0,0.0
270,4,4,0.0,1.0,0.0,0.0,0.0,0.0,0.0,0.0,0.0,0.0,0.0,0.0,0.0,0.0,0.0,0.0,0.0,1.0,0.0,92.1,152.6,658.2,14.3,19.1,53,2.7,0.0,4.4
437,8,6,0.0,1.0,0.0,0.0,0.0,0.0,0.0,0.0,0.0,0.0,0.0,0.0,0.0,1.0,0.0,0.0,0.0,0.0,0.0,92.1,207.0,672.6,8.2,26.8,35,1.3,0.0,0.54
164,8,6,0.0,0.0,0.0,0.0,0.0,0.0,0.0,0.0,0.0,0.0,0.0,1.0,0.0,0.0,1.0,0.0,0.0,0.0,0.0,92.5,121.1,674.4,8.6,17.8,56,1.8,0.0,1.95
132,4,6,0.0,0.0,0.0,0.0,0.0,0.0,0.0,1.0,0.0,0.0,0.0,0.0,0.0,1.0,0.0,0.0,0.0,0.0,0.0,87.2,23.9,64.7,4.1,14.0,39,3.1,0.0,0.0
296,7,5,0.0,0.0,0.0,0.0,0.0,0.0,1.0,0.0,0.0,0.0,0.0,0.0,0.0,0.0,0.0,1.0,0.0,0.0,0.0,93.1,180.4,430.8,11.0,22.2,48,1.3,0.0,0.0
282,6,5,0.0,0.0,1.0,0.0,0.0,0.0,0.0,0.0,0.0,0.0,0.0,0.0,0.0,0.0,0.0,0.0,0.0,1.0,0.0,85.4,25.4,349.7,2.6,5.1,24,8.5,0.0,24.77
445,2,5,0.0,0.0,0.0,0.0,0.0,0.0,0.0,0.0,0.0,0.0,0.0,1.0,1.0,0.0,0.0,0.0,0.0,0.0,0.0,90.3,290.0,855.3,7.4,16.2,58,3.6,0.0,9.96
49,4,4,0.0,0.0,0.0,0.0,0.0,0.0,0.0,1.0,0.0,0.0,0.0,0.0,0.0,1.0,0.0,0.0,0.0,0.0,0.0,87.2,23.9,64.7,4.1,11.8,35,1.8,0.0,0.0
319,6,5,0.0,0.0,0.0,0.0,0.0,0.0,0.0,0.0,0.0,0.0,0.0,1.0,0.0,0.0,0.0,0.0,1.0,0.0,0.0,92.8,119.0,783.5,7.5,21.6,27,2.2,0.0,0.0
114,3,4,0.0,0.0,0.0,0.0,0.0,0.0,0.0,0.0,0.0,0.0,0.0,1.0,0.0,1.0,0.0,0.0,0.0,0.0,0.0,91.8,78.5,724.3,9.2,18.9,35,2.7,0.0,0.0
379,6,5,0.0,0.0,0.0,0.0,0.0,0.0,0.0,1.0,0.0,0.0,0.0,0.0,0.0,0.0,0.0,0.0,1.0,0.0,0.0,90.9,18.9,30.6,8.0,8.7,51,5.8,0.0,0.0
279,4,4,0.0,0.0,1.0,0.0,0.0,0.0,0.0,0.0,0.0,0.0,0.0,0.0,0.0,1.0,0.0,0.0,0.0,0.0,0.0,85.4,25.4,349.7,2.6,4.6,21,8.5,0.0,22.03
6,8,6,0.0,1.0,0.0,0.0,0.0,0.0,0.0,0.0,0.0,0.0,0.0,0.0,0.0,0.0,0.0,1.0,0.0,0.0,0.0,92.3,85.3,488.0,14.7,22.2,29,5.4,0.0,0.0
452,1,4,0.0,1.0,0.0,0.0,0.0,0.0,0.0,0.0,0.0,0.0,0.0,0.0,1.0,0.0,0.0,0.0,0.0,0.0,0.0,90.5,196.8,649.9,16.3,11.8,88,4.9,0.0,9.71
66,2,2,0.0,1.0,0.0,0.0,0.0,0.0,0.0,0.0,0.0,0.0,0.0,0.0,0.0,0.0,0.0,0.0,1.0,0.0,0.0,91.7,114.3,661.3,6.3,18.6,44,4.5,0.0,0.0
273,2,5,0.0,1.0,0.0,0.0,0.0,0.0,0.0,0.0,0.0,0.0,0.0,0.0,0.0,0.0,0.0,0.0,0.0,1.0,0.0,92.1,152.6,658.2,14.3,20.2,47,4.0,0.0,3.09
360,1,4,0.0,0.0,0.0,0.0,0.0,0.0,0.0,0.0,0.0,0.0,0.0,1.0,1.0,0.0,0.0,0.0,0.0,0.0,0.0,92.5,122.0,789.7,10.2,21.1,39,2.2,0.0,8.12
36,6,3,0.0,0.0,0.0,0.0,0.0,0.0,0.0,0.0,0.0,0.0,0.0,1.0,0.0,0.0,0.0,0.0,0.0,1.0,0.0,90.3,80.7,730.2,6.3,18.2,62,4.5,0.0,0.0
83,1,2,0.0,1.0,0.0,0.0,0.0,0.0,0.0,0.0,0.0,0.0,0.0,0.0,0.0,0.0,0.0,0.0,0.0,1.0,0.0,94.8,108.3,647.1,17.0,18.6,51,4.5,0.0,0.0
350,5,4,0.0,0.0,0.0,0.0,0.0,0.0,0.0,0.0,0.0,0.0,0.0,1.0,1.0,0.0,0.0,0.0,0.0,0.0,0.0,92.1,99.0,745.3,9.6,12.8,64,3.6,0.0,1.64
491,4,4,0.0,1.0,0.0,0.0,0.0,0.0,0.0,0.0,0.0,0.0,0.0,0.0,0.0,0.0,0.0,0.0,0.0,0.0,1.0,95.1,141.3,605.8,17.7,28.7,33,4.0,0.0,0.0
472,4,3,0.0,0.0,0.0,0.0,0.0,0.0,0.0,0.0,1.0,0.0,0.0,0.0,1.0,0.0,0.0,0.0,0.0,0.0,0.0,89.6,25.4,73.7,5.7,18.0,40,4.0,0.0,38.48
128,3,5,0.0,0.0,0.0,0.0,0.0,0.0,0.0,0.0,0.0,0.0,0.0,1.0,1.0,0.0,0.0,0.0,0.0,0.0,0.0,93.5,149.3,728.6,8.1,17.2,43,3.1,0.0,0.0
297,6,4,0.0,0.0,0.0,0.0,0.0,0.0,1.0,0.0,0.0,0.0,0.0,0.0,0.0,0.0,0.0,1.0,0.0,0.0,0.0,90.4,89.5,290.8,6.4,14.3,46,1.8,0.0,0.9
107,4,5,0.0,0.0,0.0,0.0,0.0,0.0,0.0,1.0,0.0,0.0,0.0,0.0,0.0,0.0,0.0,0.0,1.0,0.0,0.0,91.4,30.7,74.3,7.5,18.2,29,3.1,0.0,0.0
415,5,4,0.0,1.0,0.0,0.0,0.0,0.0,0.0,0.0,0.0,0.0,0.0,0.0,0.0,0.0,0.0,1.0,0.0,0.0,0.0,93.6,235.1,723.1,10.1,24.1,50,4.0,0.0,0.0
148,8,3,0.0,0.0,0.0,0.0,0.0,0.0,0.0,0.0,0.0,0.0,0.0,1.0,0.0,0.0,0.0,0.0,0.0,1.0,0.0,84.4,73.4,671.9,3.2,24.2,28,3.6,0.0,0.96
471,5,4,1.0,0.0,0.0,0.0,0.0,0.0,0.0,0.0,0.0,0.0,0.0,0.0,0.0,0.0,0.0,1.0,0.0,0.0,0.0,91.0,14.6,25.6,12.3,17.6,27,5.8,0.0,0.0
450,7,4,0.0,1.0,0.0,0.0,0.0,0.0,0.0,0.0,0.0,0.0,0.0,0.0,0.0,0.0,0.0,1.0,0.0,0.0,0.0,91.6,181.3,613.0,7.6,19.3,61,4.9,0.0,0.0
181,1,3,0.0,0.0,0.0,0.0,0.0,0.0,0.0,0.0,0.0,0.0,0.0,1.0,0.0,0.0,0.0,1.0,0.0,0.0,0.0,92.4,124.1,680.7,8.5,23.9,32,6.7,0.0,5.33
1,7,5,0.0,0.0,0.0,0.0,0.0,0.0,0.0,1.0,0.0,0.0,0.0,0.0,1.0,0.0,0.0,0.0,0.0,0.0,0.0,86.2,26.2,94.3,5.1,8.2,51,6.7,0.0,0.0
288,7,4,0.0,0.0,0.0,0.0,0.0,1.0,0.0,0.0,0.0,0.0,0.0,0.0,0.0,0.0,1.0,0.0,0.0,0.0,0.0,91.6,104.2,474.9,9.0,22.1,49,2.7,0.0,0.0
411,6,3,0.0,0.0,0.0,1.0,0.0,0.0,0.0,0.0,0.0,0.0,0.0,0.0,1.0,0.0,0.0,0.0,0.0,0.0,0.0,84.1,7.3,52.8,2.7,14.7,42,2.7,0.0,0.0
497,4,5,0.0,1.0,0.0,0.0,0.0,0.0,0.0,0.0,0.0,0.0,0.0,0.0,0.0,1.0,0.0,0.0,0.0,0.0,0.0,96.2,175.5,661.8,16.8,32.6,26,3.1,0.0,2.77
135,3,5,0.0,0.0,0.0,0.0,0.0,0.0,0.0,1.0,0.0,0.0,0.0,0.0,0.0,0.0,0.0,0.0,0.0,1.0,0.0,88.1,25.7,67.6,3.8,14.9,38,2.7,0.0,0.0
276,4,6,0.0,0.0,1.0,0.0,0.0,0.0,0.0,0.0,0.0,0.0,0.0,0.0,0.0,0.0,0.0,0.0,1.0,0.0,0.0,84.6,26.4,352.0,2.0,5.1,61,4.9,0.0,5.38
72,4,5,0.0,0.0,0.0,0.0,0.0,0.0,0.0,0.0,0.0,0.0,0.0,1.0,1.0,0.0,0.0,0.0,0.0,0.0,0.0,94.3,85.1,692.3,15.9,17.7,37,3.6,0.0,0.0
383,8,6,0.0,1.0,0.0,0.0,0.0,0.0,0.0,0.0,0.0,0.0,0.0,0.0,0.0,0.0,0.0,0.0,0.0,0.0,1.0,95.2,217.7,690.0,18.0,28.2,29,1.8,0.0,5.86
175,1,4,0.0,1.0,0.0,0.0,0.0,0.0,0.0,0.0,0.0,0.0,0.0,0.0,0.0,0.0,1.0,0.0,0.0,0.0,0.0,90.2,96.9,624.2,8.9,14.2,53,1.8,0.0,3.5
118,3,4,0.0,0.0,0.0,0.0,0.0,0.0,0.0,1.0,0.0,0.0,0.0,0.0,0.0,0.0,1.0,0.0,0.0,0.0,0.0,91.7,35.8,80.8,7.8,15.2,27,4.9,0.0,0.0
374,5,4,0.0,1.0,0.0,0.0,0.0,0.0,0.0,0.0,0.0,0.0,0.0,0.0,0.0,0.0,0.0,0.0,1.0,0.0,0.0,94.8,222.4,698.6,13.9,20.3,42,2.7,0.0,0.0
64,2,2,0.0,1.0,0.0,0.0,0.0,0.0,0.0,0.0,0.0,0.0,0.0,0.0,0.0,0.0,0.0,1.0,0.0,0.0,0.0,90.2,99.6,631.2,6.3,20.8,33,2.7,0.0,0.0
33,6,3,0.0,0.0,0.0,0.0,0.0,0.0,0.0,0.0,0.0,0.0,0.0,1.0,1.0,0.0,0.0,0.0,0.0,0.0,0.0,88.6,69.7,706.8,5.8,20.6,37,1.8,0.0,0.0
269,3,4,0.0,1.0,0.0,0.0,0.0,0.0,0.0,0.0,0.0,0.0,0.0,0.0,0.0,0.0,0.0,0.0,0.0,1.0,0.0,92.1,152.6,658.2,14.3,21.0,32,3.1,0.0,0.0
123,3,4,0.0,0.0,0.0,0.0,0.0,0.0,0.0,0.0,0.0,0.0,0.0,1.0,0.0,0.0,0.0,1.0,0.0,0.0,0.0,92.4,124.1,680.7,8.5,22.5,42,5.4,0.0,0.0
447,6,5,0.0,1.0,0.0,0.0,0.0,0.0,0.0,0.0,0.0,0.0,0.0,0.0,0.0,0.0,0.0,1.0,0.0,0.0,0.0,92.0,203.2,664.5,8.1,19.1,70,2.2,0.0,0.0
470,6,3,1.0,0.0,0.0,0.0,0.0,0.0,0.0,0.0,0.0,0.0,0.0,0.0,0.0,0.0,0.0,1.0,0.0,0.0,0.0,91.0,14.6,25.6,12.3,13.7,33,9.4,0.0,61.13
187,8,6,0.0,0.0,0.0,0.0,0.0,0.0,0.0,1.0,0.0,0.0,0.0,0.0,0.0,0.0,0.0,1.0,0.0,0.0,0.0,89.3,51.3,102.2,9.6,11.5,39,5.8,0.0,7.19
12,7,5,0.0,0.0,0.0,0.0,0.0,0.0,0.0,0.0,0.0,0.0,0.0,1.0,0.0,0.0,1.0,0.0,0.0,0.0,0.0,92.8,73.2,713.0,22.6,19.3,38,4.0,0.0,0.0
435,1,4,0.0,1.0,0.0,0.0,0.0,0.0,0.0,0.0,0.0,0.0,0.0,0.0,1.0,0.0,0.0,0.0,0.0,0.0,0.0,90.6,269.8,811.2,5.5,22.2,45,3.6,0.0,0.0
99,3,4,0.0,1.0,0.0,0.0,0.0,0.0,0.0,0.0,0.0,0.0,0.0,0.0,0.0,0.0,0.0,1.0,0.0,0.0,0.0,91.4,142.4,601.4,10.6,11.6,87,4.5,0.0,0.0
235,4,5,0.0,0.0,0.0,0.0,0.0,0.0,0.0,0.0,0.0,0.0,0.0,1.0,0.0,0.0,1.0,0.0,0.0,0.0,0.0,92.5,121.1,674.4,8.6,17.7,25,3.1,0.0,154.88
327,5,4,0.0,0.0,0.0,0.0,0.0,0.0,0.0,0.0,0.0,0.0,0.0,1.0,0.0,0.0,1.0,0.0,0.0,0.0,0.0,92.2,102.3,751.5,8.4,24.1,27,3.1,0.0,0.0
338,6,3,0.0,0.0,0.0,0.0,0.0,0.0,0.0,0.0,0.0,0.0,0.0,1.0,0.0,1.0,0.0,0.0,0.0,0.0,0.0,91.6,108.4,764.0,6.2,23.0,34,2.2,0.0,56.04
241,6,3,1.0,0.0,0.0,0.0,0.0,0.0,0.0,0.0,0.0,0.0,0.0,0.0,0.0,0.0,0.0,0.0,0.0,0.0,1.0,88.0,17.2,43.5,3.8,15.2,51,2.7,0.0,0.0
208,7,5,0.0,0.0,0.0,0.0,0.0,0.0,0.0,0.0,0.0,0.0,0.0,1.0,0.0,0.0,0.0,0.0,0.0,1.0,0.0,91.0,129.5,692.6,7.0,20.7,37,2.2,0.0,17.2
265,4,4,0.0,1.0,0.0,0.0,0.0,0.0,0.0,0.0,0.0,0.0,0.0,0.0,1.0,0.0,0.0,0.0,0.0,0.0,0.0,94.3,167.6,684.4,13.0,21.8,53,3.1,0.0,6.54
137,3,6,0.0,0.0,0.0,0.0,0.0,0.0,0.0,0.0,0.0,0.0,0.0,1.0,0.0,0.0,0.0,1.0,0.0,0.0,0.0,92.4,124.1,680.7,8.5,17.2,58,1.3,0.0,0.0
476,2,5,0.0,0.0,0.0,0.0,0.0,0.0,1.0,0.0,0.0,0.0,0.0,0.0,0.0,0.0,0.0,0.0,1.0,0.0,0.0,93.7,121.7,350.2,18.0,22.7,40,9.4,0.0,3.19
40,4,4,0.0,0.0,0.0,0.0,0.0,0.0,0.0,1.0,0.0,0.0,0.0,0.0,0.0,0.0,0.0,0.0,0.0,1.0,0.0,88.1,25.7,67.6,3.8,14.1,43,2.7,0.0,0.0
308,3,4,0.0,0.0,0.0,0.0,0.0,0.0,0.0,0.0,0.0,0.0,0.0,1.0,0.0,0.0,0.0,1.0,0.0,0.0,0.0,89.6,84.1,714.3,5.7,23.8,35,3.6,0.0,5.18
355,7,4,0.0,0.0,0.0,0.0,0.0,0.0,0.0,0.0,0.0,0.0,0.0,1.0,1.0,0.0,0.0,0.0,0.0,0.0,0.0,92.1,99.0,745.3,9.6,18.7,50,2.2,0.0,5.97
388,5,5,0.0,0.0,0.0,0.0,0.0,0.0,0.0,1.0,0.0,0.0,0.0,0.0,0.0,0.0,0.0,0.0,1.0,0.0,0.0,90.9,18.9,30.6,8.0,11.6,48,5.4,0.0,0.0
225,7,4,0.0,0.0,0.0,0.0,0.0,0.0,0.0,0.0,0.0,0.0,0.0,1.0,0.0,0.0,0.0,0.0,0.0,0.0,1.0,90.1,82.9,735.7,6.2,15.4,57,4.5,0.0,37.71
407,6,5,0.0,0.0,0.0,0.0,0.0,0.0,0.0,0.0,0.0,0.0,0.0,1.0,0.0,0.0,1.0,0.0,0.0,0.0,0.0,87.1,291.3,860.6,4.0,17.0,67,4.9,0.0,3.95
85,1,2,0.0,1.0,0.0,0.0,0.0,0.0,0.0,0.0,0.0,0.0,0.0,0.0,0.0,0.0,0.0,0.0,1.0,0.0,0.0,91.7,114.3,661.3,6.3,20.2,45,3.6,0.0,0.0
372,3,4,0.0,0.0,0.0,0.0,0.0,1.0,0.0,0.0,0.0,0.0,0.0,0.0,0.0,0.0,0.0,0.0,0.0,0.0,1.0,91.9,133.6,520.5,8.0,14.2,58,4.0,0.0,0.0
180,8,6,0.0,1.0,0.0,0.0,0.0,0.0,0.0,0.0,0.0,0.0,0.0,0.0,0.0,0.0,0.0,0.0,0.0,1.0,0.0,88.8,147.3,614.5,9.0,14.4,66,5.4,0.0,5.23
68,2,2,0.0,0.0,0.0,0.0,0.0,0.0,0.0,0.0,0.0,0.0,0.0,1.0,1.0,0.0,0.0,0.0,0.0,0.0,0.0,92.4,117.9,668.0,12.2,19.6,33,5.4,0.0,0.0
342,8,6,0.0,0.0,0.0,0.0,0.0,0.0,0.0,0.0,0.0,0.0,0.0,1.0,0.0,1.0,0.0,0.0,0.0,0.0,0.0,91.9,111.7,770.3,6.5,15.7,51,2.2,0.0,0.0
465,6,4,0.0,0.0,0.0,1.0,0.0,0.0,0.0,0.0,0.0,0.0,0.0,0.0,0.0,0.0,0.0,0.0,0.0,1.0,0.0,75.1,4.4,16.2,1.9,5.1,77,5.4,0.0,2.14
134,4,6,0.0,0.0,0.0,0.0,0.0,0.0,0.0,0.0,0.0,0.0,0.0,1.0,0.0,0.0,0.0,0.0,1.0,0.0,0.0,93.7,80.9,685.2,17.9,17.6,42,3.1,0.0,0.0
299,8,6,0.0,0.0,0.0,0.0,0.0,0.0,1.0,0.0,0.0,0.0,0.0,0.0,0.0,0.0,0.0,0.0,0.0,0.0,1.0,91.2,147.8,377.2,12.7,19.6,43,4.9,0.0,0.0
317,4,5,0.0,0.0,0.0,0.0,0.0,0.0,0.0,0.0,0.0,0.0,0.0,1.0,0.0,0.0,0.0,0.0,1.0,0.0,0.0,92.4,96.2,739.4,8.6,18.6,24,5.8,0.0,0.0
326,1,4,0.0,0.0,0.0,0.0,0.0,0.0,0.0,0.0,0.0,0.0,0.0,1.0,0.0,0.0,1.0,0.0,0.0,0.0,0.0,92.2,102.3,751.5,8.4,24.2,27,3.1,0.0,0.0
371,7,4,0.0,0.0,0.0,0.0,0.0,0.0,0.0,0.0,0.0,0.0,0.0,1.0,0.0,0.0,0.0,1.0,0.0,0.0,0.0,91.0,276.3,825.1,7.1,13.8,77,7.6,0.0,11.06
460,7,4,0.0,1.0,0.0,0.0,0.0,0.0,0.0,0.0,0.0,0.0,0.0,0.0,0.0,0.0,1.0,0.0,0.0,0.0,0.0,91.6,273.8,819.1,7.7,15.5,72,8.0,0.0,1.94
171,5,4,0.0,0.0,0.0,0.0,0.0,0.0,0.0,0.0,0.0,0.0,0.0,1.0,0.0,0.0,0.0,0.0,0.0,0.0,1.0,92.9,133.3,699.6,9.2,21.9,35,1.8,0.0,2.57
116,3,5,0.0,0.0,0.0,0.0,0.0,0.0,0.0,1.0,0.0,0.0,0.0,0.0,0.0,0.0,0.0,0.0,0.0,1.0,0.0,88.1,25.7,67.6,3.8,15.5,27,6.3,0.0,0.0
430,3,4,0.0,1.0,0.0,0.0,0.0,0.0,0.0,0.0,0.0,0.0,0.0,0.0,0.0,0.0,0.0,1.0,0.0,0.0,0.0,91.6,181.3,613.0,7.6,24.6,44,4.0,0.0,3.2
15,6,5,0.0,0.0,0.0,0.0,0.0,0.0,0.0,0.0,0.0,0.0,0.0,1.0,0.0,0.0,0.0,0.0,0.0,0.0,1.0,92.9,133.3,699.6,9.2,26.4,21,4.5,0.0,0.0
501,8,6,0.0,1.0,0.0,0.0,0.0,0.0,0.0,0.0,0.0,0.0,0.0,0.0,0.0,0.0,0.0,0.0,0.0,1.0,0.0,96.1,181.1,671.2,14.3,21.6,65,4.9,0.8,0.0
503,4,4,0.0,1.0,0.0,0.0,0.0,0.0,0.0,0.0,0.0,0.0,0.0,0.0,0.0,0.0,0.0,0.0,0.0,1.0,0.0,96.1,181.1,671.2,14.3,20.7,69,4.9,0.4,0.0
250,3,4,0.0,1.0,0.0,0.0,0.0,0.0,0.0,0.0,0.0,0.0,0.0,0.0,0.0,0.0,0.0,0.0,0.0,0.0,1.0,93.1,157.3,666.7,13.5,21.7,40,0.4,0.0,2.47
179,2,5,0.0,0.0,0.0,0.0,0.0,0.0,0.0,0.0,0.0,0.0,0.0,1.0,0.0,0.0,0.0,0.0,0.0,0.0,1.0,90.1,82.9,735.7,6.2,18.3,45,2.2,0.0,4.88
409,4,3,0.0,0.0,0.0,0.0,0.0,0.0,0.0,0.0,0.0,0.0,0.0,1.0,1.0,0.0,0.0,0.0,0.0,0.0,0.0,90.3,290.0,855.3,7.4,19.9,44,3.1,0.0,7.8
236,8,6,0.0,1.0,0.0,0.0,0.0,0.0,0.0,0.0,0.0,0.0,0.0,0.0,0.0,0.0,0.0,1.0,0.0,0.0,0.0,91.4,142.4,601.4,10.6,19.6,41,5.8,0.0,196.48
62,2,2,0.0,0.0,0.0,0.0,0.0,0.0,0.0,1.0,0.0,0.0,0.0,0.0,0.0,0.0,0.0,1.0,0.0,0.0,0.0,89.3,51.3,102.2,9.6,5.5,59,6.3,0.0,0.0
384,9,6,0.0,1.0,0.0,0.0,0.0,0.0,0.0,0.0,0.0,0.0,0.0,0.0,0.0,0.0,0.0,0.0,1.0,0.0,0.0,91.6,248.4,753.8,6.3,20.5,58,2.7,0.0,42.87
138,3,6,0.0,0.0,0.0,0.0,0.0,0.0,0.0,0.0,0.0,0.0,0.0,1.0,0.0,1.0,0.0,0.0,0.0,0.0,0.0,90.9,126.5,686.5,7.0,15.6,66,3.1,0.0,0.0
231,4,4,0.0,0.0,0.0,0.0,0.0,0.0,0.0,0.0,0.0,0.0,0.0,1.0,0.0,0.0,0.0,0.0,0.0,0.0,1.0,92.9,133.3,699.6,9.2,26.4,21,4.5,0.0,88.49
321,6,3,0.0,0.0,0.0,0.0,0.0,0.0,0.0,0.0,0.0,0.0,0.0,1.0,0.0,0.0,0.0,0.0,1.0,0.0,0.0,92.8,119.0,783.5,7.5,18.9,34,7.2,0.0,34.36
428,2,4,0.0,1.0,0.0,0.0,0.0,0.0,0.0,0.0,0.0,0.0,0.0,0.0,0.0,1.0,0.0,0.0,0.0,0.0,0.0,92.1,207.0,672.6,8.2,27.9,33,2.2,0.0,2.35
477,4,3,0.0,0.0,0.0,0.0,0.0,1.0,0.0,0.0,0.0,0.0,0.0,0.0,0.0,0.0,0.0,0.0,1.0,0.0,0.0,93.5,85.3,395.0,9.9,27.2,28,1.3,0.0,1.76
167,6,5,0.0,1.0,0.0,0.0,0.0,0.0,0.0,0.0,0.0,0.0,0.0,0.0,0.0,0.0,0.0,0.0,0.0,0.0,1.0,92.1,111.2,654.1,9.6,16.6,47,0.9,0.0,2.29
377,8,6,0.0,1.0,0.0,0.0,0.0,0.0,0.0,0.0,0.0,0.0,0.0,0.0,0.0,1.0,0.0,0.0,0.0,0.0,0.0,92.1,207.0,672.6,8.2,21.1,54,2.2,0.0,0.0
404,8,6,0.0,1.0,0.0,0.0,0.0,0.0,0.0,0.0,0.0,0.0,0.0,0.0,0.0,0.0,0.0,0.0,1.0,0.0,0.0,90.7,194.1,643.0,6.8,21.3,41,3.6,0.0,0.0
39,7,3,0.0,0.0,0.0,0.0,0.0,0.0,0.0,0.0,0.0,0.0,1.0,0.0,0.0,0.0,1.0,0.0,0.0,0.0,0.0,90.6,43.7,686.9,6.7,17.8,27,4.0,0.0,0.0
495,6,6,0.0,1.0,0.0,0.0,0.0,0.0,0.0,0.0,0.0,0.0,0.0,0.0,0.0,0.0,1.0,0.0,0.0,0.0,0.0,96.0,164.0,643.0,14.0,30.8,30,4.9,0.0,8.59
429,1,3,0.0,1.0,0.0,0.0,0.0,0.0,0.0,0.0,0.0,0.0,0.0,0.0,0.0,0.0,0.0,0.0,1.0,0.0,0.0,94.8,222.4,698.6,13.9,26.2,34,5.8,0.0,0.0
51,4,4,0.0,0.0,0.0,0.0,0.0,0.0,0.0,0.0,0.0,0.0,0.0,1.0,0.0,0.0,0.0,0.0,1.0,0.0,0.0,92.9,137.0,706.4,9.2,20.8,17,1.3,0.0,0.0
392,8,6,0.0,0.0,0.0,0.0,0.0,0.0,0.0,0.0,0.0,0.0,0.0,1.0,1.0,0.0,0.0,0.0,0.0,0.0,0.0,91.1,91.3,738.1,7.2,20.7,46,2.7,0.0,30.18
424,1,3,0.0,0.0,0.0,0.0,0.0,0.0,0.0,0.0,0.0,0.0,0.0,1.0,0.0,0.0,1.0,0.0,0.0,0.0,0.0,91.2,94.3,744.4,8.4,22.3,48,4.0,0.0,0.72
98,3,4,0.0,0.0,0.0,0.0,0.0,0.0,0.0,1.0,0.0,0.0,0.0,0.0,0.0,0.0,1.0,0.0,0.0,0.0,0.0,69.0,2.4,15.5,0.7,17.4,24,5.4,0.0,0.0
209,6,5,0.0,0.0,0.0,0.0,0.0,0.0,0.0,0.0,0.0,0.0,0.0,1.0,1.0,0.0,0.0,0.0,0.0,0.0,0.0,92.4,117.9,668.0,12.2,19.6,33,6.3,0.0,19.23
364,4,3,0.0,0.0,0.0,0.0,0.0,0.0,0.0,0.0,0.0,0.0,0.0,1.0,0.0,0.0,0.0,0.0,0.0,1.0,0.0,91.9,111.7,770.3,6.5,15.9,53,2.2,0.0,2.93
45,4,4,0.0,0.0,0.0,0.0,0.0,0.0,0.0,0.0,0.0,0.0,0.0,1.0,0.0,0.0,0.0,0.0,0.0,0.0,1.0,90.1,82.9,735.7,6.2,12.9,74,4.9,0.0,0.0
243,2,4,0.0,1.0,0.0,0.0,0.0,0.0,0.0,0.0,0.0,0.0,0.0,0.0,0.0,0.0,0.0,1.0,0.0,0.0,0.0,94.2,122.3,589.9,12.9,15.4,66,4.0,0.0,10.13
451,4,5,0.0,1.0,0.0,0.0,0.0,0.0,0.0,0.0,0.0,0.0,0.0,0.0,0.0,0.0,0.0,0.0,0.0,0.0,1.0,95.2,217.7,690.0,18.0,23.4,49,5.4,0.0,6.43
18,8,5,0.0,0.0,0.0,0.0,0.0,0.0,0.0,0.0,0.0,0.0,1.0,0.0,0.0,1.0,0.0,0.0,0.0,0.0,0.0,84.9,32.8,664.2,3.0,16.7,47,4.9,0.0,0.0
302,6,5,0.0,0.0,0.0,0.0,0.0,0.0,1.0,0.0,0.0,0.0,0.0,0.0,0.0,1.0,0.0,0.0,0.0,0.0,0.0,90.4,93.3,298.1,7.5,19.1,39,5.4,0.0,3.52
158,2,2,0.0,1.0,0.0,0.0,0.0,0.0,0.0,0.0,0.0,0.0,0.0,0.0,0.0,0.0,0.0,0.0,0.0,0.0,1.0,92.1,111.2,654.1,9.6,18.4,45,3.6,0.0,1.63
443,6,5,1.0,0.0,0.0,0.0,0.0,0.0,0.0,0.0,0.0,0.0,0.0,0.0,0.0,1.0,0.0,0.0,0.0,0.0,0.0,87.9,24.9,41.6,3.7,10.9,64,3.1,0.0,3.35
136,3,5,0.0,1.0,0.0,0.0,0.0,0.0,0.0,0.0,0.0,0.0,0.0,0.0,0.0,0.0,1.0,0.0,0.0,0.0,0.0,93.5,139.4,594.2,20.3,17.6,52,5.8,0.0,0.0
493,1,3,0.0,1.0,0.0,0.0,0.0,0.0,0.0,0.0,0.0,0.0,0.0,0.0,1.0,0.0,0.0,0.0,0.0,0.0,0.0,95.9,158.0,633.6,11.3,32.4,27,2.2,0.0,0.0
9,8,6,0.0,0.0,0.0,0.0,0.0,0.0,0.0,0.0,0.0,0.0,0.0,1.0,0.0,0.0,0.0,0.0,0.0,1.0,0.0,91.0,129.5,692.6,7.0,13.1,63,5.4,0.0,0.0
32,6,3,0.0,0.0,0.0,0.0,0.0,0.0,0.0,0.0,0.0,0.0,0.0,1.0,0.0,1.0,0.0,0.0,0.0,0.0,0.0,88.6,91.8,709.9,7.1,11.2,78,7.6,0.0,0.0
479,7,4,0.0,0.0,0.0,0.0,0.0,1.0,0.0,0.0,0.0,0.0,0.0,0.0,0.0,0.0,0.0,1.0,0.0,0.0,0.0,93.7,101.3,423.4,14.7,18.2,82,4.5,0.0,2.21
368,4,5,0.0,0.0,0.0,0.0,0.0,0.0,0.0,0.0,0.0,0.0,0.0,1.0,0.0,0.0,0.0,0.0,0.0,1.0,0.0,91.1,132.3,812.1,12.5,16.4,27,3.6,0.0,0.0
131,4,6,0.0,0.0,0.0,1.0,0.0,0.0,0.0,0.0,0.0,0.0,0.0,0.0,0.0,0.0,1.0,0.0,0.0,0.0,0.0,68.2,21.5,87.2,0.8,15.4,40,2.7,0.0,0.0
105,2,4,0.0,0.0,0.0,0.0,1.0,0.0,0.0,0.0,0.0,0.0,0.0,0.0,0.0,0.0,1.0,0.0,0.0,0.0,0.0,82.1,3.7,9.3,2.9,5.3,78,3.1,0.0,0.0
20,6,4,1.0,0.0,0.0,0.0,0.0,0.0,0.0,0.0,0.0,0.0,0.0,0.0,0.0,0.0,1.0,0.0,0.0,0.0,0.0,86.3,27.4,97.1,5.1,9.3,44,4.5,0.0,0.0
408,4,5,0.0,0.0,0.0,1.0,0.0,0.0,0.0,0.0,0.0,0.0,0.0,0.0,0.0,0.0,1.0,0.0,0.0,0.0,0.0,84.7,8.2,55.0,2.9,14.2,46,4.0,0.0,0.0
92,8,6,0.0,0.0,0.0,0.0,0.0,0.0,0.0,1.0,0.0,0.0,0.0,0.0,1.0,0.0,0.0,0.0,0.0,0.0,0.0,91.7,35.8,80.8,7.8,17.4,24,5.4,0.0,0.0
227,7,5,0.0,0.0,0.0,0.0,0.0,0.0,0.0,0.0,0.0,0.0,1.0,0.0,0.0,1.0,0.0,0.0,0.0,0.0,0.0,91.7,48.5,696.1,11.1,16.1,44,4.0,0.0,49.37
313,2,4,0.0,0.0,0.0,0.0,0.0,0.0,0.0,0.0,0.0,0.0,0.0,1.0,0.0,0.0,0.0,1.0,0.0,0.0,0.0,50.4,46.2,706.6,0.4,12.2,78,6.3,0.0,0.0
293,4,5,0.0,0.0,0.0,0.0,0.0,1.0,0.0,0.0,0.0,0.0,0.0,0.0,1.0,0.0,0.0,0.0,0.0,0.0,0.0,91.6,100.2,466.3,6.3,22.9,40,1.3,0.0,2.64
349,3,4,0.0,0.0,0.0,0.0,0.0,0.0,0.0,0.0,0.0,0.0,0.0,1.0,1.0,0.0,0.0,0.0,0.0,0.0,0.0,92.1,99.0,745.3,9.6,17.4,57,4.5,0.0,0.0
113,3,4,0.0,0.0,0.0,0.0,0.0,0.0,0.0,0.0,0.0,0.0,0.0,1.0,0.0,0.0,0.0,1.0,0.0,0.0,0.0,89.7,90.0,704.4,4.8,22.8,39,3.6,0.0,0.0
82,1,2,0.0,1.0,0.0,0.0,0.0,0.0,0.0,0.0,0.0,0.0,0.0,0.0,0.0,0.0,0.0,1.0,0.0,0.0,0.0,90.2,99.6,631.2,6.3,17.9,44,2.2,0.0,0.0
146,6,5,0.0,1.0,0.0,0.0,0.0,0.0,0.0,0.0,0.0,0.0,0.0,0.0,0.0,0.0,0.0,0.0,1.0,0.0,0.0,95.2,131.7,578.8,10.4,27.4,22,4.0,0.0,0.9
73,5,4,0.0,0.0,0.0,0.0,0.0,0.0,0.0,1.0,0.0,0.0,0.0,0.0,1.0,0.0,0.0,0.0,0.0,0.0,0.0,91.7,33.3,77.5,9.0,15.6,25,6.3,0.0,0.0
486,2,4,0.0,1.0,0.0,0.0,0.0,0.0,0.0,0.0,0.0,0.0,0.0,0.0,0.0,1.0,0.0,0.0,0.0,0.0,0.0,95.0,135.5,596.3,21.3,30.6,28,3.6,0.0,2.07
281,4,6,0.0,0.0,1.0,0.0,0.0,0.0,0.0,0.0,0.0,0.0,0.0,0.0,1.0,0.0,0.0,0.0,0.0,0.0,0.0,84.7,26.7,352.6,4.1,2.2,59,4.9,0.0,9.27
229,4,6,0.0,0.0,0.0,0.0,0.0,0.0,0.0,0.0,0.0,0.0,0.0,1.0,0.0,0.0,0.0,1.0,0.0,0.0,0.0,93.5,149.3,728.6,8.1,28.3,26,3.1,0.0,64.1
174,4,4,0.0,0.0,0.0,0.0,0.0,0.0,0.0,0.0,0.0,0.0,0.0,1.0,0.0,1.0,0.0,0.0,0.0,0.0,0.0,90.9,126.5,686.5,7.0,17.7,39,2.2,0.0,3.07
474,9,4,0.0,0.0,0.0,0.0,0.0,0.0,1.0,0.0,0.0,0.0,0.0,0.0,0.0,0.0,1.0,0.0,0.0,0.0,0.0,90.5,61.1,252.6,9.4,24.5,50,3.1,0.0,70.32
505,4,3,0.0,1.0,0.0,0.0,0.0,0.0,0.0,0.0,0.0,0.0,0.0,0.0,0.0,0.0,0.0,0.0,0.0,0.0,1.0,94.5,139.4,689.1,20.0,28.9,29,4.9,0.0,49.59
163,6,3,0.0,0.0,0.0,0.0,0.0,0.0,0.0,1.0,0.0,0.0,0.0,0.0,0.0,0.0,1.0,0.0,0.0,0.0,0.0,90.6,50.1,100.4,7.8,15.2,31,8.5,0.0,1.94
456,3,4,0.0,0.0,0.0,0.0,0.0,1.0,0.0,0.0,0.0,0.0,0.0,0.0,0.0,1.0,0.0,0.0,0.0,0.0,0.0,94.6,160.0,567.2,16.7,17.9,48,2.7,0.0,0.0
70,4,5,0.0,0.0,0.0,0.0,0.0,0.0,0.0,1.0,0.0,0.0,0.0,0.0,1.0,0.0,0.0,0.0,0.0,0.0,0.0,91.7,33.3,77.5,9.0,17.2,26,4.5,0.0,0.0
173,7,4,0.0,1.0,0.0,0.0,0.0,0.0,0.0,0.0,0.0,0.0,0.0,0.0,0.0,0.0,0.0,1.0,0.0,0.0,0.0,91.4,142.4,601.4,10.6,20.1,39,5.4,0.0,2.74
473,8,3,0.0,0.0,0.0,0.0,0.0,0.0,1.0,0.0,0.0,0.0,0.0,0.0,0.0,1.0,0.0,0.0,0.0,0.0,0.0,88.2,96.2,229.0,4.7,14.3,79,4.0,0.0,1.94
90,6,5,0.0,0.0,0.0,0.0,0.0,0.0,0.0,1.0,0.0,0.0,0.0,0.0,0.0,0.0,1.0,0.0,0.0,0.0,0.0,91.7,35.8,80.8,7.8,17.4,25,4.9,0.0,0.0
259,3,4,0.0,1.0,0.0,0.0,0.0,0.0,0.0,0.0,0.0,0.0,0.0,0.0,0.0,0.0,1.0,0.0,0.0,0.0,0.0,91.8,170.9,692.3,13.7,20.6,59,0.9,0.0,0.0
255,6,3,0.0,1.0,0.0,0.0,0.0,0.0,0.0,0.0,0.0,0.0,0.0,0.0,0.0,0.0,0.0,0.0,1.0,0.0,0.0,91.6,138.1,621.7,6.3,18.9,41,3.1,0.0,10.34
311,7,4,0.0,0.0,0.0,0.0,0.0,0.0,0.0,0.0,0.0,0.0,0.0,1.0,0.0,0.0,0.0,1.0,0.0,0.0,0.0,92.4,105.8,758.1,9.9,25.3,27,2.7,0.0,0.0
194,4,5,0.0,0.0,0.0,0.0,0.0,0.0,0.0,0.0,0.0,0.0,0.0,1.0,0.0,0.0,0.0,0.0,0.0,0.0,1.0,92.9,133.3,699.6,9.2,24.3,25,4.0,0.0,9.41
361,6,5,0.0,0.0,0.0,0.0,0.0,0.0,0.0,0.0,0.0,0.0,0.0,1.0,1.0,0.0,0.0,0.0,0.0,0.0,0.0,92.5,122.0,789.7,10.2,18.4,42,2.2,0.0,1.09
93,8,6,0.0,1.0,0.0,0.0,0.0,0.0,0.0,0.0,0.0,0.0,0.0,0.0,0.0,0.0,0.0,1.0,0.0,0.0,0.0,92.3,85.3,488.0,14.7,20.8,32,6.3,0.0,0.0
257,8,6,0.0,1.0,0.0,0.0,0.0,0.0,0.0,0.0,0.0,0.0,0.0,0.0,0.0,0.0,1.0,0.0,0.0,0.0,0.0,94.2,117.2,581.1,11.0,23.9,41,2.2,0.0,8.02
378,2,2,0.0,1.0,0.0,0.0,0.0,0.0,0.0,0.0,0.0,0.0,0.0,0.0,0.0,0.0,1.0,0.0,0.0,0.0,0.0,93.7,231.1,715.1,8.4,21.9,42,2.2,0.0,174.63
469,6,5,0.0,0.0,0.0,0.0,0.0,0.0,0.0,1.0,0.0,0.0,0.0,0.0,0.0,0.0,0.0,0.0,1.0,0.0,0.0,91.3,20.6,43.5,8.5,13.3,27,3.6,0.0,6.61
381,5,4,0.0,0.0,0.0,0.0,0.0,1.0,0.0,0.0,0.0,0.0,0.0,0.0,0.0,0.0,0.0,0.0,0.0,0.0,1.0,93.7,101.3,458.8,11.9,19.3,39,7.2,0.0,7.73
488,5,4,0.0,1.0,0.0,0.0,0.0,0.0,0.0,0.0,0.0,0.0,0.0,0.0,0.0,0.0,0.0,0.0,0.0,1.0,0.0,95.1,141.3,605.8,17.7,26.4,34,3.6,0.0,16.4
482,4,3,0.0,0.0,0.0,0.0,0.0,1.0,0.0,0.0,0.0,0.0,0.0,0.0,0.0,0.0,0.0,0.0,1.0,0.0,0.0,93.2,114.4,560.0,9.5,30.2,22,4.9,0.0,0.0
309,2,4,0.0,0.0,0.0,0.0,0.0,0.0,0.0,0.0,0.0,0.0,0.0,1.0,0.0,0.0,0.0,1.0,0.0,0.0,0.0,92.4,105.8,758.1,9.9,16.0,45,1.8,0.0,0.0
347,1,4,0.0,0.0,0.0,0.0,0.0,0.0,0.0,0.0,0.0,0.0,0.0,1.0,0.0,1.0,0.0,0.0,0.0,0.0,0.0,91.5,130.1,807.1,7.5,21.3,35,2.2,0.0,28.19
185,8,6,0.0,1.0,0.0,0.0,0.0,0.0,0.0,0.0,0.0,0.0,0.0,0.0,1.0,0.0,0.0,0.0,0.0,0.0,0.0,93.9,135.7,586.7,15.1,20.8,34,4.9,0.0,6.96
261,2,4,0.0,1.0,0.0,0.0,0.0,0.0,0.0,0.0,0.0,0.0,0.0,0.0,0.0,1.0,0.0,0.0,0.0,0.0,0.0,93.6,97.9,542.0,14.4,28.3,32,4.0,0.0,8.85
325,6,5,0.0,0.0,0.0,0.0,0.0,0.0,0.0,0.0,0.0,0.0,0.0,1.0,0.0,0.0,0.0,0.0,1.0,0.0,0.0,88.1,53.3,726.9,5.4,13.7,56,1.8,0.0,4.42
126,3,4,0.0,0.0,0.0,0.0,0.0,0.0,0.0,0.0,0.0,0.0,1.0,0.0,0.0,0.0,0.0,1.0,0.0,0.0,0.0,92.6,46.5,691.8,8.8,20.6,24,5.4,0.0,0.0
351,5,4,0.0,0.0,0.0,0.0,0.0,0.0,0.0,0.0,0.0,0.0,0.0,1.0,1.0,0.0,0.0,0.0,0.0,0.0,0.0,92.1,99.0,745.3,9.6,10.1,75,3.6,0.0,3.71
109,4,5,0.0,0.0,0.0,0.0,0.0,0.0,0.0,0.0,0.0,0.0,0.0,1.0,0.0,0.0,1.0,0.0,0.0,0.0,0.0,92.5,88.0,698.6,7.1,20.3,45,3.1,0.0,0.0
329,6,5,0.0,0.0,0.0,0.0,0.0,0.0,0.0,0.0,0.0,0.0,0.0,1.0,0.0,0.0,1.0,0.0,0.0,0.0,0.0,92.2,102.3,751.5,8.4,19.7,35,1.8,0.0,0.0
395,6,5,0.0,0.0,0.0,1.0,0.0,0.0,0.0,0.0,0.0,0.0,0.0,0.0,0.0,1.0,0.0,0.0,0.0,0.0,0.0,84.1,4.6,46.7,2.2,5.3,68,1.8,0.0,0.0
24,7,4,0.0,1.0,0.0,0.0,0.0,0.0,0.0,0.0,0.0,0.0,0.0,0.0,0.0,0.0,1.0,0.0,0.0,0.0,0.0,90.2,110.9,537.4,6.2,19.5,43,5.8,0.0,0.0
142,1,2,0.0,1.0,0.0,0.0,0.0,0.0,0.0,0.0,0.0,0.0,0.0,0.0,0.0,0.0,0.0,0.0,0.0,0.0,1.0,95.5,99.9,513.3,13.2,23.3,31,4.5,0.0,0.55
316,3,4,0.0,0.0,0.0,0.0,0.0,0.0,0.0,0.0,0.0,0.0,0.0,1.0,0.0,0.0,0.0,0.0,0.0,0.0,1.0,91.2,134.7,817.5,7.2,18.5,30,2.7,0.0,0.0
3,7,4,0.0,0.0,0.0,0.0,0.0,0.0,0.0,0.0,0.0,0.0,1.0,0.0,0.0,0.0,1.0,0.0,0.0,0.0,0.0,90.6,43.7,686.9,6.7,14.6,33,1.3,0.0,0.0
369,6,5,0.0,0.0,0.0,0.0,0.0,0.0,0.0,0.0,0.0,0.0,0.0,1.0,0.0,0.0,1.0,0.0,0.0,0.0,0.0,91.2,94.3,744.4,8.4,16.8,47,4.9,0.0,12.64
333,4,4,0.0,0.0,0.0,0.0,0.0,0.0,0.0,0.0,0.0,0.0,0.0,1.0,0.0,0.0,1.0,0.0,0.0,0.0,0.0,91.2,124.4,795.3,8.5,17.1,41,2.2,0.0,11.22
84,1,2,0.0,1.0,0.0,0.0,0.0,0.0,0.0,0.0,0.0,0.0,0.0,0.0,0.0,0.0,0.0,0.0,0.0,0.0,1.0,92.1,111.2,654.1,9.6,16.6,47,0.9,0.0,0.0
7,8,6,0.0,1.0,0.0,0.0,0.0,0.0,0.0,0.0,0.0,0.0,0.0,0.0,0.0,1.0,0.0,0.0,0.0,0.0,0.0,92.3,88.9,495.6,8.5,24.1,27,3.1,0.0,0.0
330,4,3,0.0,0.0,0.0,0.0,0.0,0.0,0.0,0.0,0.0,0.0,0.0,1.0,0.0,0.0,1.0,0.0,0.0,0.0,0.0,92.2,102.3,751.5,8.4,23.5,27,4.0,0.0,3.33
359,6,3,0.0,0.0,0.0,0.0,0.0,0.0,0.0,0.0,0.0,0.0,0.0,1.0,1.0,0.0,0.0,0.0,0.0,0.0,0.0,92.5,122.0,789.7,10.2,19.7,39,2.7,0.0,0.0
224,2,2,0.0,0.0,0.0,0.0,0.0,1.0,0.0,0.0,0.0,0.0,0.0,0.0,1.0,0.0,0.0,0.0,0.0,0.0,0.0,88.3,150.3,309.9,6.8,13.4,79,3.6,0.0,37.02
314,6,5,0.0,0.0,0.0,0.0,0.0,0.0,0.0,0.0,0.0,0.0,0.0,1.0,0.0,0.0,0.0,0.0,0.0,0.0,1.0,92.6,115.4,777.1,8.8,24.3,27,4.9,0.0,0.0
504,2,4,0.0,1.0,0.0,0.0,0.0,0.0,0.0,0.0,0.0,0.0,0.0,0.0,0.0,0.0,0.0,0.0,0.0,0.0,1.0,94.5,139.4,689.1,20.0,29.2,30,4.9,0.0,1.95
251,8,5,0.0,1.0,0.0,0.0,0.0,0.0,0.0,0.0,0.0,0.0,0.0,0.0,0.0,0.0,0.0,0.0,0.0,0.0,1.0,93.1,157.3,666.7,13.5,26.8,25,3.1,0.0,0.68
414,7,5,0.0,1.0,0.0,0.0,0.0,0.0,0.0,0.0,0.0,0.0,0.0,0.0,0.0,0.0,1.0,0.0,0.0,0.0,0.0,93.7,231.1,715.1,8.4,26.4,33,3.6,0.0,0.0
127,3,5,0.0,0.0,0.0,0.0,0.0,0.0,0.0,1.0,0.0,0.0,0.0,0.0,0.0,1.0,0.0,0.0,0.0,0.0,0.0,87.6,52.2,103.8,5.0,9.0,49,2.2,0.0,0.0
205,5,6,0.0,0.0,0.0,0.0,0.0,0.0,0.0,1.0,0.0,0.0,0.0,0.0,0.0,0.0,1.0,0.0,0.0,0.0,0.0,90.6,50.1,100.4,7.8,15.1,64,4.0,0.0,13.99
307,7,4,0.0,0.0,0.0,0.0,0.0,0.0,0.0,0.0,0.0,0.0,0.0,1.0,0.0,0.0,0.0,1.0,0.0,0.0,0.0,89.6,84.1,714.3,5.7,17.1,53,5.4,0.0,0.41
405,2,4,0.0,0.0,0.0,0.0,0.0,0.0,0.0,0.0,0.0,0.0,0.0,1.0,0.0,0.0,0.0,0.0,0.0,0.0,1.0,87.9,84.8,725.1,3.7,21.8,34,2.2,0.0,6.04
23,7,4,0.0,0.0,0.0,0.0,0.0,0.0,1.0,0.0,0.0,0.0,0.0,0.0,0.0,0.0,0.0,1.0,0.0,0.0,0.0,94.3,96.3,200.0,56.1,21.0,44,4.5,0.0,0.0
459,8,6,0.0,1.0,0.0,0.0,0.0,0.0,0.0,0.0,0.0,0.0,0.0,0.0,0.0,0.0,1.0,0.0,0.0,0.0,0.0,93.7,231.1,715.1,8.4,18.9,64,4.9,0.0,3.32
466,2,2,0.0,0.0,0.0,1.0,0.0,0.0,0.0,0.0,0.0,0.0,0.0,0.0,0.0,0.0,1.0,0.0,0.0,0.0,0.0,79.5,3.6,15.3,1.8,4.6,59,0.9,0.0,6.84
197,6,5,1.0,0.0,0.0,0.0,0.0,0.0,0.0,0.0,0.0,0.0,0.0,0.0,0.0,0.0,0.0,0.0,1.0,0.0,0.0,81.5,9.1,55.2,2.7,5.8,54,5.8,0.0,10.93
254,7,4,0.0,1.0,0.0,0.0,0.0,0.0,0.0,0.0,0.0,0.0,0.0,0.0,0.0,0.0,0.0,0.0,1.0,0.0,0.0,91.9,109.2,565.5,8.0,21.4,38,2.7,0.0,1.52
81,1,2,0.0,1.0,0.0,0.0,0.0,0.0,0.0,0.0,0.0,0.0,0.0,0.0,0.0,0.0,0.0,1.0,0.0,0.0,0.0,91.4,142.4,601.4,10.6,19.5,39,6.3,0.0,0.0
417,6,3,0.0,0.0,0.0,0.0,0.0,1.0,0.0,0.0,0.0,0.0,0.0,0.0,0.0,0.0,0.0,0.0,0.0,1.0,0.0,92.7,164.1,575.8,8.9,26.3,39,3.1,0.0,7.02
294,7,6,0.0,0.0,0.0,0.0,0.0,1.0,0.0,0.0,0.0,0.0,0.0,0.0,0.0,0.0,0.0,0.0,0.0,1.0,0.0,93.1,180.4,430.8,11.0,26.9,28,5.4,0.0,86.45
484,8,6,0.0,1.0,0.0,0.0,0.0,0.0,0.0,0.0,0.0,0.0,0.0,0.0,0.0,0.0,0.0,1.0,0.0,0.0,0.0,94.9,130.3,587.1,14.1,31.0,27,5.4,0.0,0.0
233,6,4,0.0,0.0,0.0,0.0,0.0,0.0,0.0,0.0,0.0,0.0,0.0,1.0,0.0,0.0,0.0,0.0,0.0,1.0,0.0,91.0,129.5,692.6,7.0,18.7,43,2.7,0.0,103.39
386,2,4,0.0,1.0,0.0,0.0,0.0,0.0,0.0,0.0,0.0,0.0,0.0,0.0,0.0,0.0,0.0,1.0,0.0,0.0,0.0,91.6,181.3,613.0,7.6,20.9,50,2.2,0.0,16.0
376,6,5,0.0,0.0,0.0,0.0,0.0,0.0,0.0,0.0,0.0,0.0,0.0,1.0,0.0,0.0,1.0,0.0,0.0,0.0,0.0,91.2,94.3,744.4,8.4,15.4,57,4.9,0.0,39.35
16,6,5,0.0,0.0,0.0,0.0,0.0,0.0,0.0,0.0,0.0,0.0,0.0,1.0,1.0,0.0,0.0,0.0,0.0,0.0,0.0,93.3,141.2,713.9,13.9,22.9,44,5.4,0.0,0.0
56,4,3,0.0,0.0,0.0,0.0,0.0,0.0,0.0,0.0,0.0,0.0,0.0,1.0,0.0,0.0,0.0,0.0,1.0,0.0,0.0,92.9,137.0,706.4,9.2,27.7,24,2.2,0.0,0.0
204,8,6,0.0,0.0,0.0,0.0,0.0,0.0,0.0,0.0,0.0,0.0,1.0,0.0,0.0,0.0,0.0,0.0,0.0,0.0,1.0,91.4,37.9,673.8,5.2,20.2,37,2.7,0.0,13.7
161,7,4,0.0,0.0,0.0,0.0,0.0,0.0,0.0,1.0,0.0,0.0,0.0,0.0,0.0,1.0,0.0,0.0,0.0,0.0,0.0,90.1,39.7,86.6,6.2,16.1,29,3.1,0.0,1.75
427,8,6,0.0,1.0,0.0,0.0,0.0,0.0,0.0,0.0,0.0,0.0,0.0,0.0,0.0,0.0,0.0,0.0,1.0,0.0,0.0,91.6,248.4,753.8,6.3,20.4,56,2.2,0.0,0.0
57,4,3,0.0,0.0,0.0,0.0,0.0,0.0,0.0,0.0,0.0,0.0,0.0,1.0,0.0,0.0,0.0,0.0,0.0,1.0,0.0,90.3,80.7,730.2,6.3,17.8,63,4.9,0.0,0.0
42,4,4,0.0,1.0,0.0,0.0,0.0,0.0,0.0,0.0,0.0,0.0,0.0,0.0,0.0,0.0,1.0,0.0,0.0,0.0,0.0,90.2,96.9,624.2,8.9,18.4,42,6.7,0.0,0.0
172,8,6,0.0,1.0,0.0,0.0,0.0,0.0,0.0,0.0,0.0,0.0,0.0,0.0,0.0,0.0,0.0,0.0,0.0,0.0,1.0,85.6,90.4,609.6,6.6,17.4,50,4.0,0.0,2.69
385,8,4,0.0,1.0,0.0,0.0,0.0,0.0,0.0,0.0,0.0,0.0,0.0,0.0,0.0,0.0,1.0,0.0,0.0,0.0,0.0,91.6,273.8,819.1,7.7,21.3,44,4.5,0.0,12.18
272,8,6,0.0,1.0,0.0,0.0,0.0,0.0,0.0,0.0,0.0,0.0,0.0,0.0,0.0,0.0,0.0,0.0,0.0,1.0,0.0,92.1,152.6,658.2,14.3,20.1,58,4.5,0.0,9.27
26,7,4,0.0,1.0,0.0,0.0,0.0,0.0,0.0,0.0,0.0,0.0,0.0,0.0,0.0,0.0,0.0,1.0,0.0,0.0,0.0,91.4,142.4,601.4,10.6,16.3,60,5.4,0.0,0.0
30,6,3,0.0,0.0,0.0,0.0,0.0,0.0,0.0,0.0,0.0,0.0,0.0,1.0,0.0,0.0,0.0,1.0,0.0,0.0,0.0,93.5,149.3,728.6,8.1,22.8,39,3.6,0.0,0.0
401,9,5,0.0,0.0,0.0,0.0,0.0,0.0,1.0,0.0,0.0,0.0,0.0,0.0,0.0,0.0,0.0,0.0,0.0,0.0,1.0,93.3,49.5,297.7,14.0,28.0,34,4.5,0.0,8.16
365,6,5,0.0,0.0,0.0,0.0,0.0,0.0,0.0,0.0,0.0,0.0,0.0,1.0,0.0,0.0,0.0,0.0,0.0,1.0,0.0,91.9,111.7,770.3,6.5,21.1,35,2.7,0.0,5.65
21,6,4,0.0,0.0,0.0,0.0,0.0,0.0,0.0,0.0,0.0,0.0,0.0,1.0,0.0,0.0,0.0,0.0,0.0,1.0,0.0,91.0,129.5,692.6,7.0,18.3,40,2.7,0.0,0.0
268,2,2,0.0,1.0,0.0,0.0,0.0,0.0,0.0,0.0,0.0,0.0,0.0,0.0,0.0,0.0,0.0,0.0,0.0,1.0,0.0,92.1,152.6,658.2,14.3,23.7,24,3.1,0.0,0.0
149,2,2,0.0,1.0,0.0,0.0,0.0,0.0,0.0,0.0,0.0,0.0,0.0,0.0,0.0,0.0,0.0,0.0,0.0,1.0,0.0,94.8,108.3,647.1,17.0,17.4,43,6.7,0.0,1.07
239,6,5,0.0,0.0,0.0,0.0,0.0,0.0,0.0,0.0,0.0,0.0,0.0,1.0,0.0,0.0,1.0,0.0,0.0,0.0,0.0,92.5,121.1,674.4,8.6,25.1,27,4.0,0.0,1090.84
190,7,4,0.0,0.0,0.0,0.0,0.0,0.0,0.0,1.0,0.0,0.0,0.0,0.0,0.0,0.0,0.0,1.0,0.0,0.0,0.0,90.7,44.0,92.4,5.5,11.5,60,4.0,0.0,8.24
206,4,5,0.0,0.0,0.0,0.0,0.0,0.0,0.0,0.0,0.0,0.0,0.0,1.0,0.0,0.0,0.0,0.0,1.0,0.0,0.0,92.9,137.0,706.4,9.2,22.1,34,1.8,0.0,14.57
353,7,4,0.0,0.0,0.0,0.0,0.0,0.0,0.0,0.0,0.0,0.0,0.0,1.0,1.0,0.0,0.0,0.0,0.0,0.0,0.0,92.1,99.0,745.3,9.6,20.6,43,3.6,0.0,2.03
403,9,9,0.0,1.0,0.0,0.0,0.0,0.0,0.0,0.0,0.0,0.0,0.0,0.0,1.0,0.0,0.0,0.0,0.0,0.0,0.0,94.8,227.0,706.7,12.0,25.0,36,4.0,0.0,0.0
516,1,4,0.0,1.0,0.0,0.0,0.0,0.0,0.0,0.0,0.0,0.0,0.0,0.0,0.0,0.0,1.0,0.0,0.0,0.0,0.0,94.4,146.0,614.7,11.3,25.6,42,4.0,0.0,0.0
464,6,5,0.0,0.0,0.0,1.0,0.0,0.0,0.0,0.0,0.0,0.0,0.0,0.0,0.0,0.0,0.0,0.0,0.0,1.0,0.0,75.1,4.4,16.2,1.9,4.6,82,6.3,0.0,5.39
140,1,4,0.0,0.0,0.0,0.0,0.0,0.0,0.0,0.0,0.0,0.0,0.0,1.0,0.0,0.0,0.0,0.0,0.0,1.0,0.0,91.0,129.5,692.6,7.0,21.7,38,2.2,0.0,0.43
52,4,3,0.0,1.0,0.0,0.0,0.0,0.0,0.0,0.0,0.0,0.0,0.0,0.0,0.0,0.0,0.0,1.0,0.0,0.0,0.0,90.2,99.6,631.2,6.3,21.5,34,2.2,0.0,0.0
120,3,4,0.0,1.0,0.0,0.0,0.0,0.0,0.0,0.0,0.0,0.0,0.0,0.0,0.0,0.0,0.0,0.0,1.0,0.0,0.0,93.0,75.3,466.6,7.7,19.6,36,3.1,0.0,0.0
442,8,6,0.0,1.0,0.0,0.0,0.0,0.0,0.0,0.0,0.0,0.0,0.0,0.0,0.0,1.0,0.0,0.0,0.0,0.0,0.0,92.1,207.0,672.6,8.2,25.5,29,1.8,0.0,1.23
8,8,6,0.0,1.0,0.0,0.0,0.0,0.0,0.0,0.0,0.0,0.0,0.0,0.0,0.0,1.0,0.0,0.0,0.0,0.0,0.0,91.5,145.4,608.2,10.7,8.0,86,2.2,0.0,0.0
346,2,2,0.0,0.0,0.0,0.0,0.0,0.0,0.0,0.0,0.0,0.0,0.0,1.0,0.0,1.0,0.0,0.0,0.0,0.0,0.0,91.5,130.1,807.1,7.5,16.8,43,3.1,0.0,5.83
483,3,4,0.0,1.0,0.0,0.0,0.0,0.0,0.0,0.0,0.0,0.0,0.0,0.0,0.0,0.0,0.0,1.0,0.0,0.0,0.0,94.9,130.3,587.1,14.1,23.4,40,5.8,0.0,1.29
48,6,6,0.0,0.0,0.0,0.0,0.0,1.0,0.0,0.0,0.0,0.0,0.0,0.0,0.0,1.0,0.0,0.0,0.0,0.0,0.0,94.2,62.3,442.9,11.0,23.0,36,3.1,0.0,0.0
160,7,4,0.0,0.0,0.0,0.0,0.0,0.0,0.0,0.0,0.0,0.0,0.0,1.0,1.0,0.0,0.0,0.0,0.0,0.0,0.0,92.4,117.9,668.0,12.2,19.0,34,5.8,0.0,1.69
339,8,6,0.0,0.0,0.0,0.0,0.0,0.0,0.0,0.0,0.0,0.0,0.0,1.0,0.0,1.0,0.0,0.0,0.0,0.0,0.0,91.6,108.4,764.0,6.2,22.7,35,2.2,0.0,7.48
399,1,2,0.0,1.0,0.0,0.0,0.0,0.0,0.0,0.0,0.0,0.0,0.0,0.0,0.0,0.0,1.0,0.0,0.0,0.0,0.0,93.7,231.1,715.1,8.4,25.9,32,3.1,0.0,0.0
446,5,5,0.0,1.0,0.0,0.0,0.0,0.0,0.0,0.0,0.0,0.0,0.0,0.0,0.0,0.0,0.0,1.0,0.0,0.0,0.0,94.0,47.9,100.7,10.7,17.3,80,4.5,0.0,0.0
475,4,3,0.0,0.0,0.0,0.0,0.0,0.0,1.0,0.0,0.0,0.0,0.0,0.0,0.0,0.0,0.0,0.0,1.0,0.0,0.0,93.0,103.8,316.7,10.8,26.4,35,2.7,0.0,10.08
150,8,6,0.0,0.0,0.0,0.0,0.0,0.0,0.0,0.0,0.0,0.0,0.0,1.0,0.0,0.0,0.0,0.0,1.0,0.0,0.0,93.7,80.9,685.2,17.9,23.7,25,4.5,0.0,1.12
13,6,5,0.0,1.0,0.0,0.0,0.0,0.0,0.0,0.0,0.0,0.0,0.0,0.0,1.0,0.0,0.0,0.0,0.0,0.0,0.0,63.5,70.8,665.3,0.8,17.0,72,6.7,0.0,0.0
188,1,5,0.0,0.0,0.0,0.0,0.0,0.0,0.0,0.0,0.0,0.0,0.0,1.0,0.0,1.0,0.0,0.0,0.0,0.0,0.0,90.9,126.5,686.5,7.0,21.0,42,2.2,0.0,7.3
198,4,5,0.0,0.0,0.0,0.0,0.0,0.0,0.0,0.0,0.0,0.0,0.0,1.0,0.0,0.0,0.0,0.0,1.0,0.0,0.0,92.9,137.0,706.4,9.2,21.5,15,0.9,0.0,11.06
425,8,6,0.0,1.0,0.0,0.0,0.0,0.0,0.0,0.0,0.0,0.0,0.0,0.0,0.0,0.0,1.0,0.0,0.0,0.0,0.0,93.7,231.1,715.1,8.4,26.9,31,3.6,0.0,4.96
318,4,4,0.0,0.0,0.0,0.0,0.0,0.0,0.0,0.0,0.0,0.0,0.0,1.0,0.0,0.0,0.0,0.0,1.0,0.0,0.0,92.4,96.2,739.4,8.6,19.2,24,4.9,0.0,3.78
463,1,4,0.0,0.0,0.0,0.0,0.0,0.0,0.0,0.0,0.0,0.0,0.0,1.0,0.0,0.0,0.0,1.0,0.0,0.0,0.0,91.0,276.3,825.1,7.1,14.5,76,7.6,0.0,3.71
280,4,4,0.0,0.0,1.0,0.0,0.0,0.0,0.0,0.0,0.0,0.0,0.0,0.0,0.0,1.0,0.0,0.0,0.0,0.0,0.0,85.4,25.4,349.7,2.6,4.6,21,8.5,0.0,9.77
373,4,5,0.0,1.0,0.0,0.0,0.0,0.0,0.0,0.0,0.0,0.0,0.0,0.0,0.0,0.0,0.0,1.0,0.0,0.0,0.0,92.0,203.2,664.5,8.1,10.4,75,0.9,0.0,0.0
343,6,3,0.0,0.0,0.0,0.0,0.0,0.0,0.0,0.0,0.0,0.0,0.0,1.0,0.0,1.0,0.0,0.0,0.0,0.0,0.0,91.5,130.1,807.1,7.5,20.6,37,1.8,0.0,0.0
220,6,5,0.0,0.0,0.0,0.0,0.0,0.0,0.0,1.0,0.0,0.0,0.0,0.0,0.0,1.0,0.0,0.0,0.0,0.0,0.0,90.1,39.7,86.6,6.2,15.2,27,3.1,0.0,31.86
252,8,5,0.0,1.0,0.0,0.0,0.0,0.0,0.0,0.0,0.0,0.0,0.0,0.0,0.0,0.0,0.0,0.0,0.0,0.0,1.0,93.1,157.3,666.7,13.5,24.0,36,3.1,0.0,0.24
467,6,5,0.0,0.0,0.0,0.0,0.0,0.0,0.0,1.0,0.0,0.0,0.0,0.0,0.0,1.0,0.0,0.0,0.0,0.0,0.0,87.2,15.1,36.9,7.1,10.2,45,5.8,0.0,3.18
260,7,4,0.0,1.0,0.0,0.0,0.0,0.0,0.0,0.0,0.0,0.0,0.0,0.0,0.0,0.0,1.0,0.0,0.0,0.0,0.0,91.8,170.9,692.3,13.7,23.7,40,1.8,0.0,1.38
485,2,5,0.0,1.0,0.0,0.0,0.0,0.0,0.0,0.0,0.0,0.0,0.0,0.0,0.0,0.0,0.0,1.0,0.0,0.0,0.0,94.9,130.3,587.1,14.1,33.1,25,4.0,0.0,26.43
168,6,5,0.0,1.0,0.0,0.0,0.0,0.0,0.0,0.0,0.0,0.0,0.0,0.0,0.0,0.0,0.0,0.0,0.0,0.0,1.0,96.0,127.1,570.5,16.5,23.4,33,4.5,0.0,2.51
58,4,3,0.0,0.0,0.0,0.0,0.0,0.0,0.0,0.0,0.0,0.0,1.0,0.0,0.0,0.0,0.0,1.0,0.0,0.0,0.0,92.6,46.5,691.8,8.8,13.8,50,2.7,0.0,0.0
283,6,3,0.0,0.0,0.0,1.0,0.0,0.0,0.0,0.0,0.0,0.0,0.0,0.0,0.0,0.0,0.0,1.0,0.0,0.0,0.0,84.9,27.5,353.5,3.4,4.2,51,4.0,0.0,0.0
275,8,6,0.0,0.0,1.0,0.0,0.0,0.0,0.0,0.0,0.0,0.0,0.0,0.0,0.0,0.0,0.0,0.0,0.0,0.0,1.0,84.0,27.8,354.6,5.3,5.1,61,8.0,0.0,11.19
216,4,4,0.0,0.0,0.0,0.0,0.0,0.0,0.0,1.0,0.0,0.0,0.0,0.0,0.0,0.0,1.0,0.0,0.0,0.0,0.0,91.7,35.8,80.8,7.8,17.0,27,4.9,0.0,28.66
510,5,4,0.0,1.0,0.0,0.0,0.0,0.0,0.0,0.0,0.0,0.0,0.0,0.0,1.0,0.0,0.0,0.0,0.0,0.0,0.0,91.0,166.9,752.6,7.1,21.1,71,7.6,1.4,2.17
207,2,2,0.0,1.0,0.0,0.0,0.0,0.0,0.0,0.0,0.0,0.0,0.0,0.0,0.0,0.0,1.0,0.0,0.0,0.0,0.0,93.5,139.4,594.2,20.3,22.9,31,7.2,0.0,15.45
246,3,4,0.0,1.0,0.0,0.0,0.0,0.0,0.0,0.0,0.0,0.0,0.0,0.0,0.0,0.0,0.0,1.0,0.0,0.0,0.0,91.8,175.1,700.7,13.8,26.8,38,6.3,0.0,0.76
291,2,5,0.0,0.0,0.0,0.0,0.0,1.0,0.0,0.0,0.0,0.0,0.0,0.0,0.0,0.0,1.0,0.0,0.0,0.0,0.0,91.6,104.2,474.9,9.0,18.7,53,1.8,0.0,0.0
157,2,4,0.0,0.0,0.0,0.0,0.0,0.0,0.0,0.0,0.0,0.0,0.0,1.0,0.0,0.0,1.0,0.0,0.0,0.0,0.0,93.4,145.4,721.4,8.1,28.6,27,2.2,0.0,1.61
218,1,3,0.0,0.0,0.0,0.0,0.0,0.0,0.0,0.0,0.0,0.0,0.0,1.0,0.0,1.0,0.0,0.0,0.0,0.0,0.0,88.6,91.8,709.9,7.1,12.4,73,6.3,0.0,30.32
370,4,5,0.0,0.0,0.0,0.0,0.0,0.0,0.0,0.0,0.0,0.0,0.0,1.0,0.0,0.0,0.0,1.0,0.0,0.0,0.0,91.0,276.3,825.1,7.1,13.8,77,7.6,0.0,0.0
337,7,4,0.0,0.0,0.0,0.0,0.0,0.0,0.0,0.0,0.0,0.0,0.0,1.0,0.0,1.0,0.0,0.0,0.0,0.0,0.0,91.6,108.4,764.0,6.2,19.3,44,2.2,0.0,0.0
306,1,4,0.0,0.0,0.0,0.0,0.0,0.0,0.0,0.0,0.0,0.0,0.0,1.0,0.0,0.0,0.0,1.0,0.0,0.0,0.0,89.6,84.1,714.3,5.7,19.0,52,2.2,0.0,0.0
426,2,2,0.0,1.0,0.0,0.0,0.0,0.0,0.0,0.0,0.0,0.0,0.0,0.0,0.0,0.0,0.0,0.0,1.0,0.0,0.0,91.6,248.4,753.8,6.3,20.4,56,2.2,0.0,0.0
152,9,9,0.0,0.0,0.0,0.0,0.0,1.0,0.0,0.0,0.0,0.0,0.0,0.0,0.0,0.0,0.0,1.0,0.0,0.0,0.0,90.1,68.6,355.2,7.2,24.8,29,2.2,0.0,1.36
512,8,6,0.0,1.0,0.0,0.0,0.0,0.0,0.0,0.0,0.0,0.0,0.0,0.0,0.0,0.0,0.0,1.0,0.0,0.0,0.0,81.6,56.7,665.6,1.9,27.8,35,2.7,0.0,0.0
78,1,3,0.0,0.0,0.0,0.0,0.0,0.0,0.0,1.0,0.0,0.0,0.0,0.0,0.0,1.0,0.0,0.0,0.0,0.0,0.0,87.6,52.2,103.8,5.0,8.3,72,3.1,0.0,0.0
263,2,4,0.0,1.0,0.0,0.0,0.0,0.0,0.0,0.0,0.0,0.0,0.0,0.0,1.0,0.0,0.0,0.0,0.0,0.0,0.0,91.6,112.4,573.0,8.9,21.4,42,3.1,0.0,4.25
53,4,3,0.0,1.0,0.0,0.0,0.0,0.0,0.0,0.0,0.0,0.0,0.0,0.0,0.0,0.0,0.0,0.0,0.0,0.0,1.0,92.1,111.2,654.1,9.6,20.4,42,4.9,0.0,0.0
481,9,9,0.0,0.0,0.0,0.0,0.0,1.0,0.0,0.0,0.0,0.0,0.0,0.0,0.0,0.0,0.0,0.0,1.0,0.0,0.0,93.2,114.4,560.0,9.5,30.2,25,4.5,0.0,2.75
461,2,5,0.0,1.0,0.0,0.0,0.0,0.0,0.0,0.0,0.0,0.0,0.0,0.0,0.0,0.0,1.0,0.0,0.0,0.0,0.0,93.7,231.1,715.1,8.4,18.9,64,4.9,0.0,0.0
214,7,3,0.0,0.0,0.0,0.0,0.0,0.0,0.0,1.0,0.0,0.0,0.0,0.0,0.0,1.0,0.0,0.0,0.0,0.0,0.0,87.6,52.2,103.8,5.0,11.0,46,5.8,0.0,27.35
122,3,4,0.0,1.0,0.0,0.0,0.0,0.0,0.0,0.0,0.0,0.0,0.0,0.0,0.0,1.0,0.0,0.0,0.0,0.0,0.0,91.5,145.4,608.2,10.7,17.1,43,5.4,0.0,0.0
436,2,5,0.0,0.0,0.0,0.0,0.0,1.0,0.0,0.0,0.0,0.0,0.0,0.0,0.0,0.0,1.0,0.0,0.0,0.0,0.0,90.8,84.7,376.6,5.6,23.8,51,1.8,0.0,0.0
242,4,4,1.0,0.0,0.0,0.0,0.0,0.0,0.0,0.0,0.0,0.0,0.0,0.0,1.0,0.0,0.0,0.0,0.0,0.0,0.0,83.0,23.3,85.3,2.3,16.7,20,3.1,0.0,0.0
112,3,4,0.0,0.0,0.0,0.0,0.0,0.0,0.0,1.0,0.0,0.0,0.0,0.0,1.0,0.0,0.0,0.0,0.0,0.0,0.0,91.7,33.3,77.5,9.0,18.8,18,4.5,0.0,0.0
245,2,4,0.0,1.0,0.0,0.0,0.0,0.0,0.0,0.0,0.0,0.0,0.0,0.0,0.0,0.0,0.0,1.0,0.0,0.0,0.0,91.8,175.1,700.7,13.8,22.4,54,7.6,0.0,2.87
169,6,5,0.0,0.0,0.0,0.0,0.0,0.0,0.0,1.0,0.0,0.0,0.0,0.0,1.0,0.0,0.0,0.0,0.0,0.0,0.0,91.2,48.3,97.8,12.5,14.6,26,9.4,0.0,2.53
244,7,4,0.0,1.0,0.0,0.0,0.0,0.0,0.0,0.0,0.0,0.0,0.0,0.0,0.0,0.0,0.0,1.0,0.0,0.0,0.0,91.8,175.1,700.7,13.8,21.9,73,7.6,1.0,0.0
17,5,5,0.0,0.0,0.0,0.0,0.0,0.0,0.0,1.0,0.0,0.0,0.0,0.0,0.0,0.0,1.0,0.0,0.0,0.0,0.0,91.7,35.8,80.8,7.8,15.1,27,5.4,0.0,0.0
117,3,4,0.0,0.0,0.0,0.0,0.0,0.0,0.0,1.0,0.0,0.0,0.0,0.0,0.0,0.0,1.0,0.0,0.0,0.0,0.0,91.7,35.8,80.8,7.8,11.6,30,6.3,0.0,0.0
340,2,4,0.0,0.0,0.0,0.0,0.0,0.0,0.0,0.0,0.0,0.0,0.0,1.0,0.0,1.0,0.0,0.0,0.0,0.0,0.0,91.6,108.4,764.0,6.2,20.4,41,1.8,0.0,1.47
502,7,5,0.0,1.0,0.0,0.0,0.0,0.0,0.0,0.0,0.0,0.0,0.0,0.0,0.0,0.0,0.0,0.0,0.0,1.0,0.0,96.1,181.1,671.2,14.3,21.6,65,4.9,0.8,0.0
38,7,4,0.0,0.0,0.0,0.0,0.0,0.0,0.0,0.0,0.0,0.0,1.0,0.0,1.0,0.0,0.0,0.0,0.0,0.0,0.0,90.0,41.5,682.6,8.7,11.3,60,5.4,0.0,0.0
10,7,5,0.0,0.0,0.0,0.0,0.0,0.0,0.0,0.0,0.0,0.0,0.0,1.0,0.0,0.0,1.0,0.0,0.0,0.0,0.0,92.5,88.0,698.6,7.1,22.8,40,4.0,0.0,0.0
184,7,4,0.0,0.0,0.0,0.0,0.0,0.0,0.0,0.0,0.0,0.0,1.0,0.0,0.0,1.0,0.0,0.0,0.0,0.0,0.0,91.7,48.5,696.1,11.1,16.8,45,4.5,0.0,6.83
202,6,5,0.0,0.0,0.0,0.0,0.0,0.0,0.0,1.0,0.0,0.0,0.0,0.0,0.0,0.0,0.0,1.0,0.0,0.0,0.0,90.1,37.6,83.7,7.2,12.4,54,3.6,0.0,12.1
46,5,6,0.0,0.0,0.0,0.0,0.0,0.0,0.0,0.0,0.0,0.0,0.0,1.0,0.0,0.0,0.0,0.0,0.0,0.0,1.0,94.3,85.1,692.3,15.9,25.9,24,4.0,0.0,0.0
222,3,4,0.0,0.0,0.0,0.0,0.0,0.0,0.0,0.0,0.0,0.0,0.0,1.0,1.0,0.0,0.0,0.0,0.0,0.0,0.0,93.3,141.2,713.9,13.9,18.6,49,3.6,0.0,35.88
367,4,5,0.0,0.0,0.0,0.0,0.0,0.0,0.0,0.0,0.0,0.0,0.0,1.0,0.0,0.0,0.0,0.0,0.0,1.0,0.0,91.1,132.3,812.1,12.5,15.9,38,5.4,0.0,1.75
60,2,2,0.0,0.0,0.0,1.0,0.0,0.0,0.0,0.0,0.0,0.0,0.0,0.0,1.0,0.0,0.0,0.0,0.0,0.0,0.0,86.6,13.2,43.0,5.3,12.3,51,0.9,0.0,0.0
267,6,5,0.0,1.0,0.0,0.0,0.0,0.0,0.0,0.0,0.0,0.0,0.0,0.0,0.0,0.0,0.0,0.0,0.0,1.0,0.0,94.3,131.7,607.1,22.7,19.4,55,4.0,0.0,0.17
300,6,5,0.0,0.0,0.0,0.0,0.0,0.0,1.0,0.0,0.0,0.0,0.0,0.0,0.0,0.0,1.0,0.0,0.0,0.0,0.0,53.4,71.0,233.8,0.4,10.6,90,2.7,0.0,0.0
77,9,9,0.0,0.0,0.0,1.0,0.0,0.0,0.0,0.0,0.0,0.0,0.0,0.0,1.0,0.0,0.0,0.0,0.0,0.0,0.0,86.6,13.2,43.0,5.3,15.7,43,3.1,0.0,0.0
277,4,4,0.0,0.0,1.0,0.0,0.0,0.0,0.0,0.0,0.0,0.0,0.0,0.0,0.0,1.0,0.0,0.0,0.0,0.0,0.0,85.4,25.4,349.7,2.6,4.6,21,8.5,0.0,17.85
345,6,3,0.0,0.0,0.0,0.0,0.0,0.0,0.0,0.0,0.0,0.0,0.0,1.0,0.0,1.0,0.0,0.0,0.0,0.0,0.0,91.5,130.1,807.1,7.5,12.2,66,4.9,0.0,6.1
438,8,6,0.0,1.0,0.0,0.0,0.0,0.0,0.0,0.0,0.0,0.0,0.0,0.0,0.0,0.0,1.0,0.0,0.0,0.0,0.0,89.4,253.6,768.4,9.7,14.2,73,2.7,0.0,0.0
310,2,4,0.0,0.0,0.0,0.0,0.0,0.0,0.0,0.0,0.0,0.0,0.0,1.0,0.0,0.0,0.0,1.0,0.0,0.0,0.0,92.4,105.8,758.1,9.9,24.9,27,2.2,0.0,0.0
396,4,5,0.0,0.0,0.0,1.0,0.0,0.0,0.0,0.0,0.0,0.0,0.0,0.0,0.0,0.0,0.0,1.0,0.0,0.0,0.0,85.0,9.0,56.9,3.5,10.1,62,1.8,0.0,51.78
390,7,4,0.0,1.0,0.0,0.0,0.0,0.0,0.0,0.0,0.0,0.0,0.0,0.0,1.0,0.0,0.0,0.0,0.0,0.0,0.0,94.8,227.0,706.7,12.0,23.3,34,3.1,0.0,0.0
89,1,2,0.0,0.0,0.0,0.0,0.0,0.0,0.0,0.0,0.0,0.0,0.0,1.0,0.0,0.0,0.0,1.0,0.0,0.0,0.0,93.5,149.3,728.6,8.1,25.3,36,3.6,0.0,0.0
397,4,3,0.0,0.0,0.0,0.0,0.0,0.0,0.0,0.0,0.0,0.0,0.0,1.0,0.0,0.0,0.0,1.0,0.0,0.0,0.0,90.5,96.7,750.5,11.4,20.4,55,4.9,0.0,3.64
410,1,4,0.0,0.0,0.0,0.0,0.0,1.0,0.0,0.0,0.0,0.0,0.0,0.0,0.0,0.0,0.0,0.0,0.0,1.0,0.0,92.3,96.2,450.2,12.1,23.4,31,5.4,0.0,0.0
186,2,5,0.0,0.0,0.0,0.0,0.0,0.0,0.0,0.0,0.0,0.0,0.0,1.0,0.0,0.0,0.0,0.0,0.0,1.0,0.0,91.0,129.5,692.6,7.0,17.6,46,3.1,0.0,7.04
298,8,6,0.0,0.0,0.0,0.0,0.0,0.0,1.0,0.0,0.0,0.0,0.0,0.0,0.0,0.0,0.0,1.0,0.0,0.0,0.0,90.4,89.5,290.8,6.4,15.4,45,2.2,0.0,0.0
468,3,4,0.0,0.0,0.0,0.0,0.0,0.0,0.0,1.0,0.0,0.0,0.0,0.0,0.0,0.0,0.0,0.0,0.0,0.0,1.0,90.2,18.5,41.1,7.3,11.2,41,5.4,0.0,5.55
155,1,5,0.0,0.0,0.0,0.0,0.0,0.0,0.0,0.0,0.0,0.0,0.0,1.0,0.0,0.0,1.0,0.0,0.0,0.0,0.0,93.4,145.4,721.4,8.1,29.6,27,2.7,0.0,1.46
189,6,4,0.0,0.0,0.0,0.0,0.0,0.0,0.0,1.0,0.0,0.0,0.0,0.0,0.0,0.0,1.0,0.0,0.0,0.0,0.0,90.8,41.9,89.4,7.9,13.3,42,0.9,0.0,7.4
509,1,2,0.0,1.0,0.0,0.0,0.0,0.0,0.0,0.0,0.0,0.0,0.0,0.0,1.0,0.0,0.0,0.0,0.0,0.0,0.0,91.0,166.9,752.6,7.1,25.9,41,3.6,0.0,0.0
79,1,2,0.0,1.0,0.0,0.0,0.0,0.0,0.0,0.0,0.0,0.0,0.0,0.0,1.0,0.0,0.0,0.0,0.0,0.0,0.0,90.1,108.0,529.8,12.5,14.7,66,2.7,0.0,0.0
433,8,6,0.0,1.0,0.0,0.0,0.0,0.0,0.0,0.0,0.0,0.0,0.0,0.0,0.0,0.0,0.0,0.0,1.0,0.0,0.0,94.8,222.4,698.6,13.9,23.9,38,6.7,0.0,0.0
14,6,5,0.0,0.0,0.0,0.0,0.0,0.0,0.0,0.0,0.0,0.0,0.0,1.0,0.0,1.0,0.0,0.0,0.0,0.0,0.0,90.9,126.5,686.5,7.0,21.3,42,2.2,0.0,0.0
115,3,4,0.0,0.0,0.0,0.0,0.0,0.0,0.0,1.0,0.0,0.0,0.0,0.0,0.0,0.0,0.0,0.0,0.0,1.0,0.0,88.1,25.7,67.6,3.8,15.8,27,7.6,0.0,0.0
139,9,9,0.0,0.0,0.0,0.0,0.0,1.0,0.0,0.0,0.0,0.0,0.0,0.0,0.0,0.0,0.0,0.0,0.0,1.0,0.0,85.8,48.3,313.4,3.9,18.0,42,2.7,0.0,0.36
61,2,2,0.0,0.0,0.0,0.0,0.0,0.0,0.0,1.0,0.0,0.0,0.0,0.0,0.0,0.0,0.0,1.0,0.0,0.0,0.0,89.3,51.3,102.2,9.6,11.5,39,5.8,0.0,0.0
212,7,4,0.0,1.0,0.0,0.0,0.0,0.0,0.0,0.0,0.0,0.0,0.0,0.0,0.0,0.0,1.0,0.0,0.0,0.0,0.0,93.5,139.4,594.2,20.3,5.1,96,5.8,0.0,26.0
354,7,4,0.0,0.0,0.0,0.0,0.0,0.0,0.0,0.0,0.0,0.0,0.0,1.0,1.0,0.0,0.0,0.0,0.0,0.0,0.0,92.1,99.0,745.3,9.6,19.8,47,2.7,0.0,1.72
406,2,2,0.0,1.0,0.0,0.0,0.0,0.0,0.0,0.0,0.0,0.0,0.0,0.0,0.0,0.0,0.0,0.0,0.0,1.0,0.0,94.6,212.1,680.9,9.5,27.9,27,2.2,0.0,0.0
